Country,Year,Exported,Continent
Angola,1990,5040000,Africa
Bolivia,1990,9360000,South America
Brazil,1990,1016160000,South America
Burundi,1990,35100000,Africa
Cameroon,1990,156660000,Africa
Central African Republic,1990,11820000,Africa
Colombia,1990,836640000,South America
Congo,1990,120000,Africa
Costa Rica,1990,135960000,Central America
Ivory Coast,1990,256980000,Africa
Cuba,1990,10920000,Central America
Congo,1990,110340000,Africa
Dominican Republic,1990,32100000,Central America
Ecuador,1990,107040000,South America
El Salvador,1990,150600000,Central America
Equatorial Guinea,1990,420000,Africa
Ethiopia,1990,64440000,Africa
Gabon,1990,120000,Africa
Ghana,1990,660000,Africa
Guatemala,1990,194400000,Central America
Guinea,1990,7320000,Africa
Guyana,1990,0,South America
Haiti,1990,11460000,Central America
Honduras,1990,104100000,Central America
India,1990,118740000,Asia
Indonesia,1990,414180000,Asia
Jamaica,1990,900000,Central America
Kenya,1990,118140000,Africa
Laos,1990,5880000,Asia
Liberia,1990,1320000,Africa
Madagascar,1990,51780000,Africa
Malawi,1990,7440000,Africa
Mexico,1990,220980000,North America
Nepal,1990,0,Asia
Nicaragua,1990,40260000,Central America
Nigeria,1990,240000,Africa
Panama,1990,7920000,Central America
Papua New Guinea,1990,63060000,Oceania
Paraguay,1990,15780000,South America
Peru,1990,66300000,South America
Philippines,1990,10080000,Asia
Rwanda,1990,46740000,Africa
Sierra Leone,1990,8400000,Africa
Sri Lanka,1990,1140000,Asia
Tanzania,1990,61140000,Africa
Thailand,1990,60060000,Asia
East Timor,1990,0,Asia
Togo,1990,14340000,Africa
Trinidad and Tobago,1990,1800000,Central America
Uganda,1990,141180000,Africa
Venezuela,1990,16680000,South America
Vietnam,1990,68700000,Asia
Yemen,1990,3000000,Asia
Zambia,1990,1440000,Africa
Zimbabwe,1990,15060000,Africa
Angola,1991,4260000,Africa
Bolivia,1991,4440000,South America
Brazil,1991,1270980000,South America
Burundi,1991,41280000,Africa
Cameroon,1991,105120000,Africa
Central African Republic,1991,8460000,Africa
Colombia,1991,755940000,South America
Congo,1991,60000,Africa
Costa Rica,1991,144000000,Central America
Ivory Coast,1991,228300000,Africa
Cuba,1991,7260000,Central America
Congo,1991,85080000,Africa
Dominican Republic,1991,28560000,Central America
Ecuador,1991,84960000,South America
El Salvador,1991,128880000,Central America
Equatorial Guinea,1991,180000,Africa
Ethiopia,1991,50460000,Africa
Gabon,1991,180000,Africa
Ghana,1991,960000,Africa
Guatemala,1991,169920000,Central America
Guinea,1991,3660000,Africa
Guyana,1991,0,South America
Haiti,1991,9060000,Central America
Honduras,1991,86640000,Central America
India,1991,103620000,Asia
Indonesia,1991,370260000,Asia
Jamaica,1991,1020000,Central America
Kenya,1991,93480000,Africa
Laos,1991,5880000,Asia
Liberia,1991,0,Africa
Madagascar,1991,35280000,Africa
Malawi,1991,6000000,Africa
Mexico,1991,211860000,North America
Nepal,1991,0,Asia
Nicaragua,1991,23520000,Central America
Nigeria,1991,60000,Africa
Panama,1991,7440000,Central America
Papua New Guinea,1991,47280000,Oceania
Paraguay,1991,7200000,South America
Peru,1991,62520000,South America
Philippines,1991,6180000,Asia
Rwanda,1991,28440000,Africa
Sierra Leone,1991,6240000,Africa
Sri Lanka,1991,1320000,Asia
Tanzania,1991,52260000,Africa
Thailand,1991,32460000,Asia
East Timor,1991,0,Asia
Togo,1991,9300000,Africa
Trinidad and Tobago,1991,480000,Central America
Uganda,1991,125700000,Africa
Venezuela,1991,7680000,South America
Vietnam,1991,72060000,Asia
Yemen,1991,4320000,Asia
Zambia,1991,1740000,Africa
Zimbabwe,1991,14340000,Africa
Angola,1992,4800000,Africa
Bolivia,1992,5760000,South America
Brazil,1992,1127460000,South America
Burundi,1992,38760000,Africa
Cameroon,1992,98760000,Africa
Central African Republic,1992,6000000,Africa
Colombia,1992,993840000,South America
Congo,1992,0,Africa
Costa Rica,1992,145860000,Central America
Ivory Coast,1992,272760000,Africa
Cuba,1992,9780000,Central America
Congo,1992,57240000,Africa
Dominican Republic,1992,22140000,Central America
Ecuador,1992,76380000,South America
El Salvador,1992,127200000,Central America
Equatorial Guinea,1992,180000,Africa
Ethiopia,1992,44040000,Africa
Gabon,1992,60000,Africa
Ghana,1992,1920000,Africa
Guatemala,1992,199680000,Central America
Guinea,1992,3480000,Africa
Guyana,1992,60000,South America
Haiti,1992,9960000,Central America
Honduras,1992,117600000,Central America
India,1992,108960000,Asia
Indonesia,1992,276240000,Asia
Jamaica,1992,1320000,Central America
Kenya,1992,83040000,Africa
Laos,1992,6120000,Asia
Liberia,1992,0,Africa
Madagascar,1992,44160000,Africa
Malawi,1992,7680000,Africa
Mexico,1992,199920000,North America
Nepal,1992,0,Asia
Nicaragua,1992,38160000,Central America
Nigeria,1992,660000,Africa
Panama,1992,7500000,Central America
Papua New Guinea,1992,55020000,Oceania
Paraguay,1992,2400000,South America
Peru,1992,63660000,South America
Philippines,1992,2460000,Asia
Rwanda,1992,38700000,Africa
Sierra Leone,1992,2820000,Africa
Sri Lanka,1992,900000,Asia
Tanzania,1992,49680000,Africa
Thailand,1992,69840000,Asia
East Timor,1992,0,Asia
Togo,1992,18780000,Africa
Trinidad and Tobago,1992,120000,Central America
Uganda,1992,117660000,Africa
Venezuela,1992,8160000,South America
Vietnam,1992,116280000,Asia
Yemen,1992,2220000,Asia
Zambia,1992,1860000,Africa
Zimbabwe,1992,9720000,Africa
Angola,1993,2340000,Africa
Bolivia,1993,2820000,South America
Brazil,1993,1070280000,South America
Burundi,1993,25080000,Africa
Cameroon,1993,42300000,Africa
Central African Republic,1993,8220000,Africa
Colombia,1993,814080000,South America
Congo,1993,60000,Africa
Costa Rica,1993,141840000,Central America
Ivory Coast,1993,241980000,Africa
Cuba,1993,6960000,Central America
Congo,1993,55200000,Africa
Dominican Republic,1993,19860000,Central America
Ecuador,1993,95940000,South America
El Salvador,1993,176820000,Central America
Equatorial Guinea,1993,120000,Africa
Ethiopia,1993,70020000,Africa
Gabon,1993,120000,Africa
Ghana,1993,2820000,Africa
Guatemala,1993,225060000,Central America
Guinea,1993,900000,Africa
Guyana,1993,0,South America
Haiti,1993,9540000,Central America
Honduras,1993,102300000,Central America
India,1993,126120000,Asia
Indonesia,1993,339720000,Asia
Jamaica,1993,1440000,Central America
Kenya,1993,86340000,Africa
Laos,1993,8520000,Asia
Liberia,1993,0,Africa
Madagascar,1993,37680000,Africa
Malawi,1993,6240000,Africa
Mexico,1993,195840000,North America
Nepal,1993,0,Asia
Nicaragua,1993,28560000,Central America
Nigeria,1993,600000,Africa
Panama,1993,7740000,Central America
Papua New Guinea,1993,63300000,Oceania
Paraguay,1993,3480000,South America
Peru,1993,46500000,South America
Philippines,1993,2100000,Asia
Rwanda,1993,28860000,Africa
Sierra Leone,1993,2460000,Africa
Sri Lanka,1993,840000,Asia
Tanzania,1993,62220000,Africa
Thailand,1993,58920000,Asia
East Timor,1993,0,Asia
Togo,1993,13080000,Africa
Trinidad and Tobago,1993,600000,Central America
Uganda,1993,109740000,Africa
Venezuela,1993,31500000,South America
Vietnam,1993,124320000,Asia
Yemen,1993,3060000,Asia
Zambia,1993,1380000,Africa
Zimbabwe,1993,4200000,Africa
Angola,1994,480000,Africa
Bolivia,1994,5040000,South America
Brazil,1994,1036380000,South America
Burundi,1994,30480000,Africa
Cameroon,1994,32760000,Africa
Central African Republic,1994,8220000,Africa
Colombia,1994,706080000,South America
Congo,1994,60000,Africa
Costa Rica,1994,126300000,Central America
Ivory Coast,1994,146640000,Africa
Cuba,1994,8160000,Central America
Congo,1994,45660000,Africa
Dominican Republic,1994,19920000,Central America
Ecuador,1994,128700000,South America
El Salvador,1994,125580000,Central America
Equatorial Guinea,1994,60000,Africa
Ethiopia,1994,88500000,Africa
Gabon,1994,300000,Africa
Ghana,1994,660000,Africa
Guatemala,1994,196440000,Central America
Guinea,1994,3000000,Africa
Guyana,1994,0,South America
Haiti,1994,6180000,Central America
Honduras,1994,103080000,Central America
India,1994,149760000,Asia
Indonesia,1994,276300000,Asia
Jamaica,1994,960000,Central America
Kenya,1994,81480000,Africa
Laos,1994,9180000,Asia
Liberia,1994,0,Africa
Madagascar,1994,26160000,Africa
Malawi,1994,4680000,Africa
Mexico,1994,167340000,North America
Nepal,1994,0,Asia
Nicaragua,1994,37440000,Central America
Nigeria,1994,480000,Africa
Panama,1994,4560000,Central America
Papua New Guinea,1994,69420000,Oceania
Paraguay,1994,2880000,South America
Peru,1994,63420000,South America
Philippines,1994,7560000,Asia
Rwanda,1994,1800000,Africa
Sierra Leone,1994,3720000,Africa
Sri Lanka,1994,2820000,Asia
Tanzania,1994,37920000,Africa
Thailand,1994,68160000,Asia
East Timor,1994,0,Asia
Togo,1994,9960000,Africa
Trinidad and Tobago,1994,300000,Central America
Uganda,1994,202140000,Africa
Venezuela,1994,23160000,South America
Vietnam,1994,163260000,Asia
Yemen,1994,5580000,Asia
Zambia,1994,1440000,Africa
Zimbabwe,1994,1920000,Africa
Angola,1995,2460000,Africa
Bolivia,1995,5640000,South America
Brazil,1995,868080000,South America
Burundi,1995,31680000,Africa
Cameroon,1995,24420000,Africa
Central African Republic,1995,13920000,Africa
Colombia,1995,588840000,South America
Congo,1995,1140000,Africa
Costa Rica,1995,124020000,Central America
Ivory Coast,1995,149640000,Africa
Cuba,1995,7320000,Central America
Congo,1995,63060000,Africa
Dominican Republic,1995,27060000,Central America
Ecuador,1995,92400000,South America
El Salvador,1995,108420000,Central America
Equatorial Guinea,1995,180000,Africa
Ethiopia,1995,76560000,Africa
Gabon,1995,180000,Africa
Ghana,1995,2280000,Africa
Guatemala,1995,222060000,Central America
Guinea,1995,9120000,Africa
Guyana,1995,0,South America
Haiti,1995,9120000,Central America
Honduras,1995,107760000,Central America
India,1995,148020000,Asia
Indonesia,1995,236820000,Asia
Jamaica,1995,1560000,Central America
Kenya,1995,87000000,Africa
Laos,1995,9900000,Asia
Liberia,1995,0,Africa
Madagascar,1995,35100000,Africa
Malawi,1995,5520000,Africa
Mexico,1995,217560000,North America
Nepal,1995,0,Asia
Nicaragua,1995,40860000,Central America
Nigeria,1995,900000,Africa
Panama,1995,10860000,Central America
Papua New Guinea,1995,60120000,Oceania
Paraguay,1995,1260000,South America
Peru,1995,105600000,South America
Philippines,1995,3420000,Asia
Rwanda,1995,18840000,Africa
Sierra Leone,1995,4260000,Africa
Sri Lanka,1995,1320000,Asia
Tanzania,1995,44700000,Africa
Thailand,1995,72600000,Asia
East Timor,1995,0,Asia
Togo,1995,12000000,Africa
Trinidad and Tobago,1995,240000,Central America
Uganda,1995,184740000,Africa
Venezuela,1995,5820000,South America
Vietnam,1995,212760000,Asia
Yemen,1995,4620000,Asia
Zambia,1995,1260000,Africa
Zimbabwe,1995,9420000,Africa
Angola,1996,3120000,Africa
Bolivia,1996,7380000,South America
Brazil,1996,915060000,South America
Burundi,1996,13440000,Africa
Cameroon,1996,33840000,Africa
Central African Republic,1996,5880000,Africa
Colombia,1996,635280000,South America
Congo,1996,780000,Africa
Costa Rica,1996,145800000,Central America
Ivory Coast,1996,165060000,Africa
Cuba,1996,6720000,Central America
Congo,1996,52920000,Africa
Dominican Republic,1996,27180000,Central America
Ecuador,1996,92340000,South America
El Salvador,1996,138840000,Central America
Equatorial Guinea,1996,120000,Africa
Ethiopia,1996,110280000,Africa
Gabon,1996,120000,Africa
Ghana,1996,240000,Africa
Guatemala,1996,238740000,Central America
Guinea,1996,1920000,Africa
Guyana,1996,0,South America
Haiti,1996,9360000,Central America
Honduras,1996,123600000,Central America
India,1996,186180000,Asia
Indonesia,1996,386400000,Asia
Jamaica,1996,1620000,Central America
Kenya,1996,114120000,Africa
Laos,1996,8640000,Asia
Liberia,1996,0,Africa
Madagascar,1996,43080000,Africa
Malawi,1996,3600000,Africa
Mexico,1996,277980000,North America
Nepal,1996,0,Asia
Nicaragua,1996,49320000,Central America
Nigeria,1996,420000,Africa
Panama,1996,8340000,Central America
Papua New Guinea,1996,65400000,Oceania
Paraguay,1996,960000,South America
Peru,1996,100740000,South America
Philippines,1996,1620000,Asia
Rwanda,1996,15900000,Africa
Sierra Leone,1996,1740000,Africa
Sri Lanka,1996,720000,Asia
Tanzania,1996,58200000,Africa
Thailand,1996,52380000,Asia
East Timor,1996,0,Asia
Togo,1996,5100000,Africa
Trinidad and Tobago,1996,240000,Central America
Uganda,1996,279300000,Africa
Venezuela,1996,29700000,South America
Vietnam,1996,226740000,Asia
Yemen,1996,2520000,Asia
Zambia,1996,2160000,Africa
Zimbabwe,1996,9000000,Africa
Angola,1997,3000000,Africa
Bolivia,1997,6660000,South America
Brazil,1997,1008060000,South America
Burundi,1997,31740000,Africa
Cameroon,1997,82080000,Africa
Central African Republic,1997,12180000,Africa
Colombia,1997,655140000,South America
Congo,1997,180000,Africa
Costa Rica,1997,125940000,Central America
Ivory Coast,1997,282780000,Africa
Cuba,1997,6420000,Central America
Congo,1997,32640000,Africa
Dominican Republic,1997,18420000,Central America
Ecuador,1997,62700000,South America
El Salvador,1997,166320000,Central America
Equatorial Guinea,1997,60000,Africa
Ethiopia,1997,118800000,Africa
Gabon,1997,0,Africa
Ghana,1997,1800000,Africa
Guatemala,1997,254640000,Central America
Guinea,1997,6840000,Africa
Guyana,1997,0,South America
Haiti,1997,6060000,Central America
Honduras,1997,103320000,Central America
India,1997,158400000,Asia
Indonesia,1997,345300000,Asia
Jamaica,1997,1800000,Central America
Kenya,1997,69540000,Africa
Laos,1997,6600000,Asia
Liberia,1997,0,Africa
Madagascar,1997,28800000,Africa
Malawi,1997,3600000,Africa
Mexico,1997,270120000,North America
Nepal,1997,0,Asia
Nicaragua,1997,42840000,Central America
Nigeria,1997,420000,Africa
Panama,1997,7440000,Central America
Papua New Guinea,1997,62580000,Oceania
Paraguay,1997,2100000,South America
Peru,1997,98880000,South America
Philippines,1997,1860000,Asia
Rwanda,1997,13080000,Africa
Sierra Leone,1997,2820000,Africa
Sri Lanka,1997,1260000,Asia
Tanzania,1997,39300000,Africa
Thailand,1997,63960000,Asia
East Timor,1997,0,Asia
Togo,1997,18780000,Africa
Trinidad and Tobago,1997,240000,Central America
Uganda,1997,210120000,Africa
Venezuela,1997,6300000,South America
Vietnam,1997,370680000,Asia
Yemen,1997,4800000,Asia
Zambia,1997,2340000,Africa
Zimbabwe,1997,6540000,Africa
Angola,1998,3240000,Africa
Bolivia,1998,5820000,South America
Brazil,1998,1088640000,South America
Burundi,1998,22440000,Africa
Cameroon,1998,44760000,Africa
Central African Republic,1998,6120000,Africa
Colombia,1998,675600000,South America
Congo,1998,0,Africa
Costa Rica,1998,122700000,Central America
Ivory Coast,1998,261900000,Africa
Cuba,1998,9120000,Central America
Congo,1998,38400000,Africa
Dominican Republic,1998,21600000,Central America
Ecuador,1998,63360000,South America
El Salvador,1998,101040000,Central America
Equatorial Guinea,1998,120000,Africa
Ethiopia,1998,115020000,Africa
Gabon,1998,120000,Africa
Ghana,1998,1080000,Africa
Guatemala,1998,212520000,Central America
Guinea,1998,13680000,Africa
Guyana,1998,0,South America
Haiti,1998,7620000,Central America
Honduras,1998,139740000,Central America
India,1998,209220000,Asia
Indonesia,1998,335880000,Asia
Jamaica,1998,1020000,Central America
Kenya,1998,50460000,Africa
Laos,1998,6720000,Asia
Liberia,1998,180000,Africa
Madagascar,1998,47760000,Africa
Malawi,1998,3540000,Africa
Mexico,1998,203940000,North America
Nepal,1998,0,Asia
Nicaragua,1998,56460000,Central America
Nigeria,1998,600000,Africa
Panama,1998,8700000,Central America
Papua New Guinea,1998,80940000,Oceania
Paraguay,1998,1140000,South America
Peru,1998,116940000,South America
Philippines,1998,1260000,Asia
Rwanda,1998,12840000,Africa
Sierra Leone,1998,2520000,Africa
Sri Lanka,1998,1620000,Asia
Tanzania,1998,44520000,Africa
Thailand,1998,46680000,Asia
East Timor,1998,0,Asia
Togo,1998,9960000,Africa
Trinidad and Tobago,1998,300000,Central America
Uganda,1998,197160000,Africa
Venezuela,1998,16080000,South America
Vietnam,1998,388020000,Asia
Yemen,1998,4260000,Asia
Zambia,1998,1980000,Africa
Zimbabwe,1998,9180000,Africa
Angola,1999,3000000,Africa
Bolivia,1999,7440000,South America
Brazil,1999,1388940000,South America
Burundi,1999,24540000,Africa
Cameroon,1999,69240000,Africa
Central African Republic,1999,11700000,Africa
Colombia,1999,599700000,South America
Congo,1999,0,Africa
Costa Rica,1999,131700000,Central America
Ivory Coast,1999,144360000,Africa
Cuba,1999,4620000,Central America
Congo,1999,29220000,Africa
Dominican Republic,1999,9660000,Central America
Ecuador,1999,59280000,South America
El Salvador,1999,113400000,Central America
Equatorial Guinea,1999,60000,Africa
Ethiopia,1999,109080000,Africa
Gabon,1999,120000,Africa
Ghana,1999,5640000,Africa
Guatemala,1999,280860000,Central America
Guinea,1999,18060000,Africa
Guyana,1999,60000,South America
Haiti,1999,4320000,Central America
Honduras,1999,119220000,Central America
India,1999,217320000,Asia
Indonesia,1999,306900000,Asia
Jamaica,1999,1440000,Central America
Kenya,1999,66840000,Africa
Laos,1999,11460000,Asia
Liberia,1999,900000,Africa
Madagascar,1999,27840000,Africa
Malawi,1999,3240000,Africa
Mexico,1999,261480000,North America
Nepal,1999,0,Asia
Nicaragua,1999,59040000,Central America
Nigeria,1999,540000,Africa
Panama,1999,7080000,Central America
Papua New Guinea,1999,79200000,Oceania
Paraguay,1999,180000,South America
Peru,1999,144420000,South America
Philippines,1999,540000,Asia
Rwanda,1999,18840000,Africa
Sierra Leone,1999,1380000,Africa
Sri Lanka,1999,1020000,Asia
Tanzania,1999,38580000,Africa
Thailand,1999,29580000,Asia
East Timor,1999,0,Asia
Togo,1999,19260000,Africa
Trinidad and Tobago,1999,180000,Central America
Uganda,1999,230460000,Africa
Venezuela,1999,27840000,South America
Vietnam,1999,463620000,Asia
Yemen,1999,4080000,Asia
Zambia,1999,3060000,Africa
Zimbabwe,1999,7860000,Africa
Angola,2000,1320000,Africa
Bolivia,2000,6360000,South America
Brazil,2000,1080960000,South America
Burundi,2000,26640000,Africa
Cameroon,2000,72300000,Africa
Central African Republic,2000,12180000,Africa
Colombia,2000,550620000,South America
Congo,2000,0,Africa
Costa Rica,2000,117900000,Central America
Ivory Coast,2000,366600000,Africa
Cuba,2000,6780000,Central America
Congo,2000,16860000,Africa
Dominican Republic,2000,9300000,Central America
Ecuador,2000,41820000,South America
El Salvador,2000,152220000,Central America
Equatorial Guinea,2000,0,Africa
Ethiopia,2000,118920000,Africa
Gabon,2000,60000,Africa
Ghana,2000,5460000,Africa
Guatemala,2000,291120000,Central America
Guinea,2000,17520000,Africa
Guyana,2000,60000,South America
Haiti,2000,4380000,Central America
Honduras,2000,172740000,Central America
India,2000,253740000,Asia
Indonesia,2000,321480000,Asia
Jamaica,2000,1740000,Central America
Kenya,2000,79680000,Africa
Laos,2000,15300000,Asia
Liberia,2000,240000,Africa
Madagascar,2000,12960000,Africa
Malawi,2000,3660000,Africa
Mexico,2000,318240000,North America
Nepal,2000,0,Asia
Nicaragua,2000,82020000,Central America
Nigeria,2000,420000,Africa
Panama,2000,4320000,Central America
Papua New Guinea,2000,62580000,Oceania
Paraguay,2000,300000,South America
Peru,2000,141720000,South America
Philippines,2000,300000,Asia
Rwanda,2000,16200000,Africa
Sierra Leone,2000,2400000,Africa
Sri Lanka,2000,120000,Asia
Tanzania,2000,44400000,Africa
Thailand,2000,58200000,Asia
East Timor,2000,60000,Asia
Togo,2000,16980000,Africa
Trinidad and Tobago,2000,180000,Central America
Uganda,2000,150780000,Africa
Venezuela,2000,2280000,South America
Vietnam,2000,697080000,Asia
Yemen,2000,3480000,Asia
Zambia,2000,3900000,Africa
Zimbabwe,2000,7020000,Africa
Angola,2001,840000,Africa
Bolivia,2001,4200000,South America
Brazil,2001,1390320000,South America
Burundi,2001,18180000,Africa
Cameroon,2001,67500000,Africa
Central African Republic,2001,5640000,Africa
Colombia,2001,596640000,South America
Congo,2001,0,Africa
Costa Rica,2001,121080000,Central America
Ivory Coast,2001,245700000,Africa
Cuba,2001,6540000,Central America
Congo,2001,7980000,Africa
Dominican Republic,2001,5820000,Central America
Ecuador,2001,45360000,South America
El Salvador,2001,91980000,Central America
Equatorial Guinea,2001,0,Africa
Ethiopia,2001,82560000,Africa
Gabon,2001,120000,Africa
Ghana,2001,3420000,Africa
Guatemala,2001,246600000,Central America
Guinea,2001,21360000,Africa
Guyana,2001,60000,South America
Haiti,2001,5220000,Central America
Honduras,2001,143520000,Central America
India,2001,223800000,Asia
Indonesia,2001,314580000,Asia
Jamaica,2001,1680000,Central America
Kenya,2001,65760000,Africa
Laos,2001,11880000,Asia
Liberia,2001,420000,Africa
Madagascar,2001,5220000,Africa
Malawi,2001,3840000,Africa
Mexico,2001,199980000,North America
Nepal,2001,0,Asia
Nicaragua,2001,81900000,Central America
Nigeria,2001,420000,Africa
Panama,2001,3420000,Central America
Papua New Guinea,2001,65700000,Oceania
Paraguay,2001,60000,South America
Peru,2001,159780000,South America
Philippines,2001,180000,Asia
Rwanda,2001,16740000,Africa
Sierra Leone,2001,2160000,Africa
Sri Lanka,2001,240000,Asia
Tanzania,2001,51960000,Africa
Thailand,2001,68880000,Asia
East Timor,2001,1920000,Asia
Togo,2001,11580000,Africa
Trinidad and Tobago,2001,180000,Central America
Uganda,2001,183600000,Africa
Venezuela,2001,1560000,South America
Vietnam,2001,846360000,Asia
Yemen,2001,3960000,Asia
Zambia,2001,6900000,Africa
Zimbabwe,2001,6300000,Africa
Angola,2002,540000,Africa
Bolivia,2002,4740000,South America
Brazil,2002,1678920000,South America
Burundi,2002,17340000,Africa
Cameroon,2002,38400000,Africa
Central African Republic,2002,5700000,Africa
Colombia,2002,616380000,South America
Congo,2002,0,Africa
Costa Rica,2002,107040000,Central America
Ivory Coast,2002,195180000,Africa
Cuba,2002,3420000,Central America
Congo,2002,10740000,Africa
Dominican Republic,2002,7020000,Central America
Ecuador,2002,33900000,South America
El Salvador,2002,91980000,Central America
Equatorial Guinea,2002,0,Africa
Ethiopia,2002,123300000,Africa
Gabon,2002,0,Africa
Ghana,2002,1500000,Africa
Guatemala,2002,209460000,Central America
Guinea,2002,8160000,Africa
Guyana,2002,60000,South America
Haiti,2002,2460000,Central America
Honduras,2002,162660000,Central America
India,2002,213000000,Asia
Indonesia,2002,257160000,Asia
Jamaica,2002,1560000,Central America
Kenya,2002,44160000,Africa
Laos,2002,16680000,Asia
Liberia,2002,360000,Africa
Madagascar,2002,8700000,Africa
Malawi,2002,2640000,Africa
Mexico,2002,158700000,North America
Nepal,2002,0,Asia
Nicaragua,2002,57300000,Central America
Nigeria,2002,300000,Africa
Panama,2002,4980000,Central America
Papua New Guinea,2002,63420000,Oceania
Paraguay,2002,1260000,South America
Peru,2002,167340000,South America
Philippines,2002,420000,Asia
Rwanda,2002,19800000,Africa
Sierra Leone,2002,4800000,Africa
Sri Lanka,2002,180000,Asia
Tanzania,2002,29760000,Africa
Thailand,2002,15180000,Asia
East Timor,2002,1800000,Asia
Togo,2002,6000000,Africa
Trinidad and Tobago,2002,120000,Central America
Uganda,2002,201480000,Africa
Venezuela,2002,11520000,South America
Vietnam,2002,706260000,Asia
Yemen,2002,3660000,Asia
Zambia,2002,5940000,Africa
Zimbabwe,2002,7140000,Africa
Angola,2003,1020000,Africa
Bolivia,2003,4380000,South America
Brazil,2003,1542660000,South America
Burundi,2003,28560000,Africa
Cameroon,2003,48840000,Africa
Central African Republic,2003,2400000,Africa
Colombia,2003,614640000,South America
Congo,2003,0,Africa
Costa Rica,2003,102120000,Central America
Ivory Coast,2003,158820000,Africa
Cuba,2003,3000000,Central America
Congo,2003,12720000,Africa
Dominican Republic,2003,9060000,Central America
Ecuador,2003,37260000,South America
El Salvador,2003,78240000,Central America
Equatorial Guinea,2003,0,Africa
Ethiopia,2003,133740000,Africa
Gabon,2003,60000,Africa
Ghana,2003,1500000,Africa
Guatemala,2003,229260000,Central America
Guinea,2003,21300000,Africa
Guyana,2003,60000,South America
Haiti,2003,2220000,Central America
Honduras,2003,145500000,Central America
India,2003,222420000,Asia
Indonesia,2003,287700000,Asia
Jamaica,2003,1500000,Central America
Kenya,2003,55200000,Africa
Laos,2003,13980000,Asia
Liberia,2003,420000,Africa
Madagascar,2003,7140000,Africa
Malawi,2003,2940000,Africa
Mexico,2003,155760000,North America
Nepal,2003,120000,Asia
Nicaragua,2003,60780000,Central America
Nigeria,2003,540000,Africa
Panama,2003,5160000,Central America
Papua New Guinea,2003,68820000,Oceania
Paraguay,2003,1860000,South America
Peru,2003,150180000,South America
Philippines,2003,720000,Asia
Rwanda,2003,14700000,Africa
Sierra Leone,2003,2040000,Africa
Sri Lanka,2003,360000,Asia
Tanzania,2003,52980000,Africa
Thailand,2003,10860000,Asia
East Timor,2003,2760000,Asia
Togo,2003,4320000,Africa
Trinidad and Tobago,2003,120000,Central America
Uganda,2003,151320000,Africa
Venezuela,2003,15600000,South America
Vietnam,2003,697860000,Asia
Yemen,2003,3300000,Asia
Zambia,2003,7800000,Africa
Zimbabwe,2003,5820000,Africa
Angola,2004,360000,Africa
Bolivia,2004,5580000,South America
Brazil,2004,1588680000,South America
Burundi,2004,20340000,Africa
Cameroon,2004,44040000,Africa
Central African Republic,2004,3840000,Africa
Colombia,2004,611640000,South America
Congo,2004,0,Africa
Costa Rica,2004,85440000,Central America
Ivory Coast,2004,154380000,Africa
Cuba,2004,1500000,Central America
Congo,2004,15180000,Africa
Dominican Republic,2004,2760000,Central America
Ecuador,2004,42240000,South America
El Salvador,2004,79680000,Central America
Equatorial Guinea,2004,0,Africa
Ethiopia,2004,149460000,Africa
Gabon,2004,0,Africa
Ghana,2004,1320000,Africa
Guatemala,2004,198600000,Central America
Guinea,2004,17760000,Africa
Guyana,2004,60000,South America
Haiti,2004,1920000,Central America
Honduras,2004,166740000,Central America
India,2004,218820000,Asia
Indonesia,2004,327360000,Asia
Jamaica,2004,1740000,Central America
Kenya,2004,45240000,Africa
Laos,2004,16020000,Asia
Liberia,2004,0,Africa
Madagascar,2004,7620000,Africa
Malawi,2004,1560000,Africa
Mexico,2004,141720000,North America
Nepal,2004,60000,Asia
Nicaragua,2004,78660000,Central America
Nigeria,2004,360000,Africa
Panama,2004,5940000,Central America
Papua New Guinea,2004,62880000,Oceania
Paraguay,2004,1020000,South America
Peru,2004,191040000,South America
Philippines,2004,1740000,Asia
Rwanda,2004,27000000,Africa
Sierra Leone,2004,1380000,Africa
Sri Lanka,2004,420000,Asia
Tanzania,2004,33180000,Africa
Thailand,2004,25200000,Asia
East Timor,2004,1320000,Asia
Togo,2004,8940000,Africa
Trinidad and Tobago,2004,120000,Central America
Uganda,2004,157620000,Africa
Venezuela,2004,10200000,South America
Vietnam,2004,891540000,Asia
Yemen,2004,2700000,Asia
Zambia,2004,6240000,Africa
Zimbabwe,2004,6780000,Africa
Angola,2005,300000,Africa
Bolivia,2005,5040000,South America
Brazil,2005,1571880000,South America
Burundi,2005,22260000,Africa
Cameroon,2005,42240000,Africa
Central African Republic,2005,2820000,Africa
Colombia,2005,652260000,South America
Congo,2005,0,Africa
Costa Rica,2005,88800000,Central America
Ivory Coast,2005,105240000,Africa
Cuba,2005,1440000,Central America
Congo,2005,9480000,Africa
Dominican Republic,2005,2520000,Central America
Ecuador,2005,59580000,South America
El Salvador,2005,76800000,Central America
Equatorial Guinea,2005,0,Africa
Ethiopia,2005,146100000,Africa
Gabon,2005,0,Africa
Ghana,2005,1080000,Africa
Guatemala,2005,207960000,Central America
Guinea,2005,16740000,Africa
Guyana,2005,60000,South America
Haiti,2005,1500000,Central America
Honduras,2005,143520000,Central America
India,2005,169740000,Asia
Indonesia,2005,404640000,Asia
Jamaica,2005,900000,Central America
Kenya,2005,40380000,Africa
Laos,2005,14220000,Asia
Liberia,2005,60000,Africa
Madagascar,2005,5760000,Africa
Malawi,2005,1260000,Africa
Mexico,2005,119100000,North America
Nepal,2005,60000,Asia
Nicaragua,2005,60180000,Central America
Nigeria,2005,480000,Africa
Panama,2005,5400000,Central America
Papua New Guinea,2005,72000000,Oceania
Paraguay,2005,1440000,South America
Peru,2005,142140000,South America
Philippines,2005,2040000,Asia
Rwanda,2005,14160000,Africa
Sierra Leone,2005,1200000,Africa
Sri Lanka,2005,180000,Asia
Tanzania,2005,42720000,Africa
Thailand,2005,22500000,Asia
East Timor,2005,1080000,Asia
Togo,2005,9840000,Africa
Trinidad and Tobago,2005,60000,Central America
Uganda,2005,142140000,Africa
Venezuela,2005,1320000,South America
Vietnam,2005,805920000,Asia
Yemen,2005,4680000,Asia
Zambia,2005,6360000,Africa
Zimbabwe,2005,4260000,Africa
Angola,2006,300000,Africa
Bolivia,2006,5580000,South America
Brazil,2006,1642140000,South America
Burundi,2006,16860000,Africa
Cameroon,2006,44340000,Africa
Central African Republic,2006,1020000,Africa
Colombia,2006,656700000,South America
Congo,2006,0,Africa
Costa Rica,2006,78600000,Central America
Ivory Coast,2006,105060000,Africa
Cuba,2006,960000,Central America
Congo,2006,8280000,Africa
Dominican Republic,2006,7500000,Central America
Ecuador,2006,60900000,South America
El Salvador,2006,77580000,Central America
Equatorial Guinea,2006,0,Africa
Ethiopia,2006,176160000,Africa
Gabon,2006,60000,Africa
Ghana,2006,540000,Africa
Guatemala,2006,198720000,Central America
Guinea,2006,31140000,Africa
Guyana,2006,120000,South America
Haiti,2006,1440000,Central America
Honduras,2006,173880000,Central America
India,2006,214680000,Asia
Indonesia,2006,316800000,Asia
Jamaica,2006,1500000,Central America
Kenya,2006,35820000,Africa
Laos,2006,7200000,Asia
Liberia,2006,0,Africa
Madagascar,2006,10740000,Africa
Malawi,2006,1020000,Africa
Mexico,2006,154200000,North America
Nepal,2006,60000,Asia
Nicaragua,2006,86700000,Central America
Nigeria,2006,1680000,Africa
Panama,2006,6420000,Central America
Papua New Guinea,2006,50940000,Oceania
Paraguay,2006,1500000,South America
Peru,2006,232860000,South America
Philippines,2006,2280000,Asia
Rwanda,2006,23340000,Africa
Sierra Leone,2006,3060000,Africa
Sri Lanka,2006,420000,Asia
Tanzania,2006,43920000,Africa
Thailand,2006,32400000,Asia
East Timor,2006,2940000,Asia
Togo,2006,7080000,Africa
Trinidad and Tobago,2006,60000,Central America
Uganda,2006,130380000,Africa
Venezuela,2006,3900000,South America
Vietnam,2006,834300000,Asia
Yemen,2006,3660000,Asia
Zambia,2006,4680000,Africa
Zimbabwe,2006,3240000,Africa
Angola,2007,240000,Africa
Bolivia,2007,5040000,South America
Brazil,2007,1691040000,South America
Burundi,2007,21360000,Africa
Cameroon,2007,43260000,Africa
Central African Republic,2007,7320000,Africa
Colombia,2007,678000000,South America
Congo,2007,0,Africa
Costa Rica,2007,81840000,Central America
Ivory Coast,2007,131760000,Africa
Cuba,2007,960000,Central America
Congo,2007,12000000,Africa
Dominican Republic,2007,4680000,Central America
Ecuador,2007,59460000,South America
El Salvador,2007,72600000,Central America
Equatorial Guinea,2007,0,Africa
Ethiopia,2007,156240000,Africa
Gabon,2007,0,Africa
Ghana,2007,1320000,Africa
Guatemala,2007,223560000,Central America
Guinea,2007,26160000,Africa
Guyana,2007,120000,South America
Haiti,2007,1260000,Central America
Honduras,2007,198720000,Central America
India,2007,199140000,Asia
Indonesia,2007,248940000,Asia
Jamaica,2007,1380000,Central America
Kenya,2007,49020000,Africa
Laos,2007,15120000,Asia
Liberia,2007,120000,Africa
Madagascar,2007,5940000,Africa
Malawi,2007,1140000,Africa
Mexico,2007,174720000,North America
Nepal,2007,120000,Asia
Nicaragua,2007,75540000,Central America
Nigeria,2007,540000,Africa
Panama,2007,6540000,Central America
Papua New Guinea,2007,54540000,Oceania
Paraguay,2007,1860000,South America
Peru,2007,172740000,South America
Philippines,2007,1920000,Asia
Rwanda,2007,15360000,Africa
Sierra Leone,2007,3060000,Africa
Sri Lanka,2007,240000,Asia
Tanzania,2007,48420000,Africa
Thailand,2007,21900000,Asia
East Timor,2007,1860000,Asia
Togo,2007,9300000,Africa
Trinidad and Tobago,2007,60000,Central America
Uganda,2007,161580000,Africa
Venezuela,2007,4200000,South America
Vietnam,2007,1076160000,Asia
Yemen,2007,4320000,Asia
Zambia,2007,3240000,Africa
Zimbabwe,2007,1920000,Africa
Angola,2008,360000,Africa
Bolivia,2008,4080000,South America
Brazil,2008,1770600000,South America
Burundi,2008,15060000,Africa
Cameroon,2008,31620000,Africa
Central African Republic,2008,1980000,Africa
Colombia,2008,665100000,South America
Congo,2008,0,Africa
Costa Rica,2008,86400000,Central America
Ivory Coast,2008,89400000,Africa
Cuba,2008,240000,Central America
Congo,2008,12180000,Africa
Dominican Republic,2008,4920000,Central America
Ecuador,2008,52080000,South America
El Salvador,2008,86280000,Central America
Equatorial Guinea,2008,0,Africa
Ethiopia,2008,171120000,Africa
Gabon,2008,0,Africa
Ghana,2008,2160000,Africa
Guatemala,2008,226680000,Central America
Guinea,2008,12480000,Africa
Guyana,2008,120000,South America
Haiti,2008,1020000,Central America
Honduras,2008,195540000,Central America
India,2008,202620000,Asia
Indonesia,2008,344460000,Asia
Jamaica,2008,1260000,Central America
Kenya,2008,36480000,Africa
Laos,2008,15480000,Asia
Liberia,2008,120000,Africa
Madagascar,2008,11760000,Africa
Malawi,2008,1260000,Africa
Mexico,2008,146880000,North America
Nepal,2008,60000,Asia
Nicaragua,2008,97500000,Central America
Nigeria,2008,120000,Africa
Panama,2008,6840000,Central America
Papua New Guinea,2008,65760000,Oceania
Paraguay,2008,60000,South America
Peru,2008,223980000,South America
Philippines,2008,240000,Asia
Rwanda,2008,19560000,Africa
Sierra Leone,2008,1560000,Africa
Sri Lanka,2008,120000,Asia
Tanzania,2008,49080000,Africa
Thailand,2008,10500000,Asia
East Timor,2008,3000000,Asia
Togo,2008,7260000,Africa
Trinidad and Tobago,2008,60000,Central America
Uganda,2008,198660000,Africa
Venezuela,2008,7500000,South America
Vietnam,2008,966060000,Asia
Yemen,2008,4020000,Asia
Zambia,2008,2880000,Africa
Zimbabwe,2008,1380000,Africa
Angola,2009,420000,Africa
Bolivia,2009,4980000,South America
Brazil,2009,1822680000,South America
Burundi,2009,17340000,Africa
Cameroon,2009,37080000,Africa
Central African Republic,2009,3720000,Africa
Colombia,2009,473640000,South America
Congo,2009,0,Africa
Costa Rica,2009,74160000,Central America
Ivory Coast,2009,108420000,Africa
Cuba,2009,420000,Central America
Congo,2009,9660000,Africa
Dominican Republic,2009,6120000,Central America
Ecuador,2009,65160000,South America
El Salvador,2009,78540000,Central America
Equatorial Guinea,2009,0,Africa
Ethiopia,2009,111060000,Africa
Gabon,2009,60000,Africa
Ghana,2009,1440000,Africa
Guatemala,2009,209580000,Central America
Guinea,2009,26340000,Africa
Guyana,2009,60000,South America
Haiti,2009,960000,Central America
Honduras,2009,185040000,Central America
India,2009,180420000,Asia
Indonesia,2009,474420000,Asia
Jamaica,2009,1500000,Central America
Kenya,2009,31500000,Africa
Laos,2009,15840000,Asia
Liberia,2009,540000,Africa
Madagascar,2009,2400000,Africa
Malawi,2009,1080000,Africa
Mexico,2009,170280000,North America
Nepal,2009,120000,Asia
Nicaragua,2009,82440000,Central America
Nigeria,2009,60000,Africa
Panama,2009,3540000,Central America
Papua New Guinea,2009,61620000,Oceania
Paraguay,2009,0,South America
Peru,2009,184440000,South America
Philippines,2009,420000,Asia
Rwanda,2009,18240000,Africa
Sierra Leone,2009,6240000,Africa
Sri Lanka,2009,60000,Asia
Tanzania,2009,69420000,Africa
Thailand,2009,11100000,Asia
East Timor,2009,2580000,Asia
Togo,2009,9120000,Africa
Trinidad and Tobago,2009,0,Central America
Uganda,2009,180840000,Africa
Venezuela,2009,1080000,South America
Vietnam,2009,1023120000,Asia
Yemen,2009,2340000,Asia
Zambia,2009,1980000,Africa
Zimbabwe,2009,1080000,Africa
Angola,2010,240000,Africa
Bolivia,2010,4680000,South America
Brazil,2010,1990020000,South America
Burundi,2010,18420000,Africa
Cameroon,2010,47640000,Africa
Central African Republic,2010,5700000,Africa
Colombia,2010,469320000,South America
Congo,2010,0,Africa
Costa Rica,2010,72000000,Central America
Ivory Coast,2010,114720000,Africa
Cuba,2010,300000,Central America
Congo,2010,9720000,Africa
Dominican Republic,2010,2460000,Central America
Ecuador,2010,72120000,South America
El Salvador,2010,64920000,Central America
Equatorial Guinea,2010,0,Africa
Ethiopia,2010,199440000,Africa
Gabon,2010,60000,Africa
Ghana,2010,420000,Africa
Guatemala,2010,208080000,Central America
Guinea,2010,24360000,Africa
Guyana,2010,60000,South America
Haiti,2010,540000,Central America
Honduras,2010,200940000,Central America
India,2010,278820000,Asia
Indonesia,2010,329340000,Asia
Jamaica,2010,900000,Central America
Kenya,2010,31860000,Africa
Laos,2010,17280000,Asia
Liberia,2010,420000,Africa
Madagascar,2010,4440000,Africa
Malawi,2010,480000,Africa
Mexico,2010,149880000,North America
Nepal,2010,60000,Asia
Nicaragua,2010,102720000,Central America
Nigeria,2010,180000,Africa
Panama,2010,3900000,Central America
Papua New Guinea,2010,55740000,Oceania
Paraguay,2010,0,South America
Peru,2010,229020000,South America
Philippines,2010,360000,Asia
Rwanda,2010,17760000,Africa
Sierra Leone,2010,3480000,Africa
Sri Lanka,2010,120000,Asia
Tanzania,2010,33360000,Africa
Thailand,2010,22200000,Asia
East Timor,2010,4080000,Asia
Togo,2010,11880000,Africa
Trinidad and Tobago,2010,60000,Central America
Uganda,2010,159420000,Africa
Venezuela,2010,1140000,South America
Vietnam,2010,853740000,Asia
Yemen,2010,2640000,Asia
Zambia,2010,1080000,Africa
Zimbabwe,2010,420000,Africa
Angola,2011,480000,Africa
Bolivia,2011,4440000,South America
Brazil,2011,2028360000,South America
Burundi,2011,13080000,Africa
Cameroon,2011,29400000,Africa
Central African Republic,2011,4680000,Africa
Colombia,2011,464040000,South America
Congo,2011,0,Africa
Costa Rica,2011,74580000,Central America
Ivory Coast,2011,46320000,Africa
Cuba,2011,600000,Central America
Congo,2011,7920000,Africa
Dominican Republic,2011,5340000,Central America
Ecuador,2011,91920000,South America
El Salvador,2011,109560000,Central America
Equatorial Guinea,2011,0,Africa
Ethiopia,2011,160500000,Africa
Gabon,2011,60000,Africa
Ghana,2011,4320000,Africa
Guatemala,2011,221820000,Central America
Guinea,2011,23100000,Africa
Guyana,2011,60000,South America
Haiti,2011,540000,Central America
Honduras,2011,236820000,Central America
India,2011,324840000,Asia
Indonesia,2011,235200000,Asia
Jamaica,2011,960000,Central America
Kenya,2011,36540000,Africa
Laos,2011,25260000,Asia
Liberia,2011,480000,Africa
Madagascar,2011,8640000,Africa
Malawi,2011,1560000,Africa
Mexico,2011,174420000,North America
Nepal,2011,240000,Asia
Nicaragua,2011,88080000,Central America
Nigeria,2011,420000,Africa
Panama,2011,3180000,Central America
Papua New Guinea,2011,73500000,Oceania
Paraguay,2011,0,South America
Peru,2011,281820000,South America
Philippines,2011,600000,Asia
Rwanda,2011,16620000,Africa
Sierra Leone,2011,2220000,Africa
Sri Lanka,2011,120000,Asia
Tanzania,2011,47880000,Africa
Thailand,2011,14580000,Asia
East Timor,2011,2340000,Asia
Togo,2011,9300000,Africa
Trinidad and Tobago,2011,0,Central America
Uganda,2011,188520000,Africa
Venezuela,2011,0,South America
Vietnam,2011,1063020000,Asia
Yemen,2011,2100000,Asia
Zambia,2011,540000,Africa
Zimbabwe,2011,300000,Africa
Angola,2012,480000,Africa
Bolivia,2012,3780000,South America
Brazil,2012,1712940000,South America
Burundi,2012,23520000,Africa
Cameroon,2012,37320000,Africa
Central African Republic,2012,4680000,Africa
Colombia,2012,430200000,South America
Congo,2012,0,Africa
Costa Rica,2012,82440000,Central America
Ivory Coast,2012,102720000,Africa
Cuba,2012,900000,Central America
Congo,2012,8760000,Africa
Dominican Republic,2012,8220000,Central America
Ecuador,2012,94800000,South America
El Salvador,2012,62640000,Central America
Equatorial Guinea,2012,0,Africa
Ethiopia,2012,192180000,Africa
Gabon,2012,0,Africa
Ghana,2012,1800000,Africa
Guatemala,2012,225000000,Central America
Guinea,2012,22620000,Africa
Guyana,2012,120000,South America
Haiti,2012,660000,Central America
Honduras,2012,330480000,Central America
India,2012,302640000,Asia
Indonesia,2012,492360000,Asia
Jamaica,2012,900000,Central America
Kenya,2012,48180000,Africa
Laos,2012,21600000,Asia
Liberia,2012,180000,Africa
Madagascar,2012,4740000,Africa
Malawi,2012,1200000,Africa
Mexico,2012,213360000,North America
Nepal,2012,60000,Asia
Nicaragua,2012,119220000,Central America
Nigeria,2012,120000,Africa
Panama,2012,3060000,Central America
Papua New Guinea,2012,55500000,Oceania
Paraguay,2012,0,South America
Peru,2012,258600000,South America
Philippines,2012,180000,Asia
Rwanda,2012,15060000,Africa
Sierra Leone,2012,3900000,Africa
Sri Lanka,2012,0,Asia
Tanzania,2012,45360000,Africa
Thailand,2012,21000000,Asia
East Timor,2012,3360000,Asia
Togo,2012,8820000,Africa
Trinidad and Tobago,2012,60000,Central America
Uganda,2012,161100000,Africa
Venezuela,2012,120000,South America
Vietnam,2012,1375200000,Asia
Yemen,2012,3780000,Asia
Zambia,2012,420000,Africa
Zimbabwe,2012,240000,Africa
Angola,2013,360000,Africa
Bolivia,2013,3300000,South America
Brazil,2013,1899060000,South America
Burundi,2013,11700000,Africa
Cameroon,2013,16320000,Africa
Central African Republic,2013,60000,Africa
Colombia,2013,580200000,South America
Congo,2013,0,Africa
Costa Rica,2013,80640000,Central America
Ivory Coast,2013,117720000,Africa
Cuba,2013,720000,Central America
Congo,2013,8400000,Africa
Dominican Republic,2013,3900000,Central America
Ecuador,2013,75720000,South America
El Salvador,2013,66180000,Central America
Equatorial Guinea,2013,0,Africa
Ethiopia,2013,172200000,Africa
Gabon,2013,0,Africa
Ghana,2013,1380000,Africa
Guatemala,2013,214500000,Central America
Guinea,2013,8040000,Africa
Guyana,2013,60000,South America
Haiti,2013,480000,Central America
Honduras,2013,251100000,Central America
India,2013,301980000,Asia
Indonesia,2013,555300000,Asia
Jamaica,2013,900000,Central America
Kenya,2013,48900000,Africa
Laos,2013,24000000,Asia
Liberia,2013,240000,Africa
Madagascar,2013,9960000,Africa
Malawi,2013,1740000,Africa
Mexico,2013,187920000,North America
Nepal,2013,60000,Asia
Nicaragua,2013,99660000,Central America
Nigeria,2013,60000,Africa
Panama,2013,2940000,Central America
Papua New Guinea,2013,48660000,Oceania
Paraguay,2013,0,South America
Peru,2013,224160000,South America
Philippines,2013,360000,Asia
Rwanda,2013,15240000,Africa
Sierra Leone,2013,3420000,Africa
Sri Lanka,2013,0,Asia
Tanzania,2013,56100000,Africa
Thailand,2013,2940000,Asia
East Timor,2013,4200000,Asia
Togo,2013,5460000,Africa
Trinidad and Tobago,2013,120000,Central America
Uganda,2013,220320000,Africa
Venezuela,2013,360000,South America
Vietnam,2013,1183080000,Asia
Yemen,2013,3300000,Asia
Zambia,2013,600000,Africa
Zimbabwe,2013,120000,Africa
Angola,2014,540000,Africa
Bolivia,2014,3720000,South America
Brazil,2014,1571880000,South America
Burundi,2014,15120000,Africa
Cameroon,2014,22500000,Africa
Central African Republic,2014,4500000,Africa
Colombia,2014,657240000,South America
Congo,2014,0,Africa
Costa Rica,2014,72540000,Central America
Ivory Coast,2014,89340000,Africa
Cuba,2014,780000,Central America
Congo,2014,9060000,Africa
Dominican Republic,2014,2700000,Central America
Ecuador,2014,67740000,South America
El Salvador,2014,27720000,Central America
Equatorial Guinea,2014,0,Africa
Ethiopia,2014,187020000,Africa
Gabon,2014,0,Africa
Ghana,2014,1560000,Africa
Guatemala,2014,182580000,Central America
Guinea,2014,1440000,Africa
Guyana,2014,780000,South America
Haiti,2014,180000,Central America
Honduras,2014,255120000,Central America
India,2014,307860000,Asia
Indonesia,2014,370500000,Asia
Jamaica,2014,600000,Central America
Kenya,2014,47940000,Africa
Laos,2014,22200000,Asia
Liberia,2014,60000,Africa
Madagascar,2014,8280000,Africa
Malawi,2014,1560000,Africa
Mexico,2014,148800000,North America
Nepal,2014,60000,Asia
Nicaragua,2014,114060000,Central America
Nigeria,2014,60000,Africa
Panama,2014,3060000,Central America
Papua New Guinea,2014,48420000,Oceania
Paraguay,2014,0,South America
Peru,2014,163200000,South America
Philippines,2014,720000,Asia
Rwanda,2014,15360000,Africa
Sierra Leone,2014,1440000,Africa
Sri Lanka,2014,120000,Asia
Tanzania,2014,43080000,Africa
Thailand,2014,1620000,Asia
East Timor,2014,6660000,Asia
Togo,2014,8040000,Africa
Trinidad and Tobago,2014,120000,Central America
Uganda,2014,206520000,Africa
Venezuela,2014,0,South America
Vietnam,2014,1565820000,Asia
Yemen,2014,3420000,Asia
Zambia,2014,300000,Africa
Zimbabwe,2014,660000,Africa
Angola,2015,660000,Africa
Bolivia,2015,1800000,South America
Brazil,2015,1571880000,South America
Burundi,2015,13800000,Africa
Cameroon,2015,23400000,Africa
Central African Republic,2015,2580000,Africa
Colombia,2015,762960000,South America
Congo,2015,0,Africa
Costa Rica,2015,67680000,Central America
Ivory Coast,2015,85080000,Africa
Cuba,2015,780000,Central America
Congo,2015,7680000,Africa
Dominican Republic,2015,1140000,Central America
Ecuador,2015,52140000,South America
El Salvador,2015,34560000,Central America
Equatorial Guinea,2015,0,Africa
Ethiopia,2015,179100000,Africa
Gabon,2015,0,Africa
Ghana,2015,2400000,Africa
Guatemala,2015,177660000,Central America
Guinea,2015,9120000,Africa
Guyana,2015,120000,South America
Haiti,2015,180000,Central America
Honduras,2015,301800000,Central America
India,2015,315720000,Asia
Indonesia,2015,502740000,Asia
Jamaica,2015,720000,Central America
Kenya,2015,42720000,Africa
Laos,2015,24180000,Asia
Liberia,2015,240000,Africa
Madagascar,2015,3540000,Africa
Malawi,2015,1080000,Africa
Mexico,2015,147480000,North America
Nepal,2015,120000,Asia
Nicaragua,2015,105180000,Central America
Nigeria,2015,180000,Africa
Panama,2015,3000000,Central America
Papua New Guinea,2015,42660000,Oceania
Paraguay,2015,0,South America
Peru,2015,167400000,South America
Philippines,2015,900000,Asia
Rwanda,2015,15780000,Africa
Sierra Leone,2015,3240000,Africa
Sri Lanka,2015,0,Asia
Tanzania,2015,42540000,Africa
Thailand,2015,34680000,Asia
East Timor,2015,4080000,Asia
Togo,2015,10680000,Africa
Trinidad and Tobago,2015,120000,Central America
Uganda,2015,215760000,Africa
Venezuela,2015,60000,South America
Vietnam,2015,1316640000,Asia
Yemen,2015,3120000,Asia
Zambia,2015,180000,Africa
Zimbabwe,2015,660000,Africa
Angola,2016,660000,Africa
Bolivia,2016,1320000,South America
Brazil,2016,2056140000,South America
Burundi,2016,12240000,Africa
Cameroon,2016,16860000,Africa
Central African Republic,2016,4800000,Africa
Colombia,2016,769860000,South America
Congo,2016,0,Africa
Costa Rica,2016,60420000,Central America
Ivory Coast,2016,85920000,Africa
Cuba,2016,900000,Central America
Congo,2016,10260000,Africa
Dominican Republic,2016,1140000,Central America
Ecuador,2016,55380000,South America
El Salvador,2016,29760000,Central America
Equatorial Guinea,2016,0,Africa
Ethiopia,2016,180060000,Africa
Gabon,2016,0,Africa
Ghana,2016,1620000,Africa
Guatemala,2016,179460000,Central America
Guinea,2016,15000000,Africa
Guyana,2016,120000,South America
Haiti,2016,60000,Central America
Honduras,2016,318360000,Central America
India,2016,365160000,Asia
Indonesia,2016,392700000,Asia
Jamaica,2016,660000,Central America
Kenya,2016,43620000,Africa
Laos,2016,23160000,Asia
Liberia,2016,180000,Africa
Madagascar,2016,4560000,Africa
Malawi,2016,1320000,Africa
Mexico,2016,133980000,North America
Nepal,2016,120000,Asia
Nicaragua,2016,117780000,Central America
Nigeria,2016,60000,Africa
Panama,2016,3360000,Central America
Papua New Guinea,2016,67980000,Oceania
Paraguay,2016,0,South America
Peru,2016,237600000,South America
Philippines,2016,780000,Asia
Rwanda,2016,14640000,Africa
Sierra Leone,2016,1560000,Africa
Sri Lanka,2016,60000,Asia
Tanzania,2016,54300000,Africa
Thailand,2016,7860000,Asia
East Timor,2016,4080000,Asia
Togo,2016,4500000,Africa
Trinidad and Tobago,2016,120000,Central America
Uganda,2016,212580000,Africa
Venezuela,2016,0,South America
Vietnam,2016,1783260000,Asia
Yemen,2016,2280000,Asia
Zambia,2016,600000,Africa
Zimbabwe,2016,720000,Africa
Angola,2017,540000,Africa
Bolivia,2017,1560000,South America
Brazil,2017,1855500000,South America
Burundi,2017,10140000,Africa
Cameroon,2017,14700000,Africa
Central African Republic,2017,1080000,Africa
Colombia,2017,779100000,South America
Congo,2017,0,Africa
Costa Rica,2017,59220000,Central America
Ivory Coast,2017,51300000,Africa
Cuba,2017,900000,Central America
Congo,2017,5340000,Africa
Dominican Republic,2017,1440000,Central America
Ecuador,2017,41700000,South America
El Salvador,2017,31620000,Central America
Equatorial Guinea,2017,0,Africa
Ethiopia,2017,226380000,Africa
Gabon,2017,0,Africa
Ghana,2017,1020000,Africa
Guatemala,2017,202980000,Central America
Guinea,2017,12960000,Africa
Guyana,2017,60000,South America
Haiti,2017,120000,Central America
Honduras,2017,440460000,Central America
India,2017,392520000,Asia
Indonesia,2017,491880000,Asia
Jamaica,2017,600000,Central America
Kenya,2017,42600000,Africa
Laos,2017,23160000,Asia
Liberia,2017,660000,Africa
Madagascar,2017,3480000,Africa
Malawi,2017,780000,Africa
Mexico,2017,174660000,North America
Nepal,2017,60000,Asia
Nicaragua,2017,146940000,Central America
Nigeria,2017,180000,Africa
Panama,2017,3000000,Central America
Papua New Guinea,2017,47640000,Oceania
Paraguay,2017,0,South America
Peru,2017,236760000,South America
Philippines,2017,540000,Asia
Rwanda,2017,14760000,Africa
Sierra Leone,2017,2100000,Africa
Sri Lanka,2017,120000,Asia
Tanzania,2017,39840000,Africa
Thailand,2017,8460000,Asia
East Timor,2017,5160000,Asia
Togo,2017,1620000,Africa
Trinidad and Tobago,2017,120000,Central America
Uganda,2017,286440000,Africa
Venezuela,2017,0,South America
Vietnam,2017,1505520000,Asia
Yemen,2017,2760000,Asia
Zambia,2017,780000,Africa
Zimbabwe,2017,120000,Africa
Angola,2018,540000,Africa
Bolivia,2018,1320000,South America
Brazil,2018,2138220000,South America
Burundi,2018,12120000,Africa
Cameroon,2018,17220000,Africa
Central African Republic,2018,2340000,Africa
Colombia,2018,768480000,South America
Congo,2018,0,Africa
Costa Rica,2018,72480000,Central America
Ivory Coast,2018,91320000,Africa
Cuba,2018,1980000,Central America
Congo,2018,11280000,Africa
Dominican Republic,2018,1920000,Central America
Ecuador,2018,28980000,South America
El Salvador,2018,34260000,Central America
Equatorial Guinea,2018,0,Africa
Ethiopia,2018,215340000,Africa
Gabon,2018,0,Africa
Ghana,2018,720000,Africa
Guatemala,2018,199620000,Central America
Guinea,2018,9420000,Africa
Guyana,2018,60000,South America
Haiti,2018,120000,Central America
Honduras,2018,428640000,Central America
India,2018,358020000,Asia
Indonesia,2018,272340000,Asia
Jamaica,2018,600000,Central America
Kenya,2018,45180000,Africa
Laos,2018,21660000,Asia
Liberia,2018,480000,Africa
Madagascar,2018,360000,Africa
Malawi,2018,720000,Africa
Mexico,2018,173280000,North America
Nepal,2018,120000,Asia
Nicaragua,2018,138000000,Central America
Nigeria,2018,180000,Africa
Panama,2018,2820000,Central America
Papua New Guinea,2018,52200000,Oceania
Paraguay,2018,0,South America
Peru,2018,243840000,South America
Philippines,2018,240000,Asia
Rwanda,2018,21000000,Africa
Sierra Leone,2018,1620000,Africa
Sri Lanka,2018,120000,Asia
Tanzania,2018,51360000,Africa
Thailand,2018,15480000,Asia
East Timor,2018,7740000,Asia
Togo,2018,6660000,Africa
Trinidad and Tobago,2018,180000,Central America
Uganda,2018,253380000,Africa
Venezuela,2018,4320000,South America
Vietnam,2018,1883100000,Asia
Yemen,2018,2520000,Asia
Zambia,2018,1560000,Africa
Zimbabwe,2018,300000,Africa
Angola,2019,1380000,Africa
Bolivia,2019,1200000,South America
Brazil,2019,1571880000,South America
Burundi,2019,17580000,Africa
Cameroon,2019,15000000,Africa
Central African Republic,2019,1140000,Africa
Colombia,2019,820320000,South America
Congo,2019,0,Africa
Costa Rica,2019,62340000,Central America
Ivory Coast,2019,126240000,Africa
Cuba,2019,1320000,Central America
Congo,2019,12300000,Africa
Dominican Republic,2019,1620000,Central America
Ecuador,2019,30360000,South America
El Salvador,2019,32760000,Central America
Equatorial Guinea,2019,0,Africa
Ethiopia,2019,235260000,Africa
Gabon,2019,0,Africa
Ghana,2019,600000,Africa
Guatemala,2019,216780000,Central America
Guinea,2019,4140000,Africa
Guyana,2019,60000,South America
Haiti,2019,120000,Central America
Honduras,2019,405900000,Central America
India,2019,361680000,Asia
Indonesia,2019,380040000,Asia
Jamaica,2019,540000,Central America
Kenya,2019,50160000,Africa
Laos,2019,34500000,Asia
Liberia,2019,60000,Africa
Madagascar,2019,240000,Africa
Malawi,2019,960000,Africa
Mexico,2019,157620000,North America
Nepal,2019,60000,Asia
Nicaragua,2019,177240000,Central America
Nigeria,2019,120000,Africa
Panama,2019,3060000,Central America
Papua New Guinea,2019,47220000,Oceania
Paraguay,2019,0,South America
Peru,2019,226320000,South America
Philippines,2019,420000,Asia
Rwanda,2019,23340000,Africa
Sierra Leone,2019,2820000,Africa
Sri Lanka,2019,60000,Asia
Tanzania,2019,64140000,Africa
Thailand,2019,10440000,Asia
East Timor,2019,7020000,Asia
Togo,2019,3480000,Africa
Trinidad and Tobago,2019,120000,Central America
Uganda,2019,271560000,Africa
Venezuela,2019,3180000,South America
Vietnam,2019,1644000000,Asia
Yemen,2019,720000,Asia
Zambia,2019,1620000,Africa
Zimbabwe,2019,360000,Africa
