Country,Coffee type,Year,Production,Continent,Year_clean
Angola,Robusta/Arabica,1990/91,3000000.0,Africa,1990
Bolivia,Arabica,1990/91,7380000.0,South America,1990
Brazil,Arabica/Robusta,1990/91,1637160000.0,South America,1990
Burundi,Arabica/Robusta,1990/91,29220000.0,Africa,1990
Ecuador,Arabica/Robusta,1990/91,90240000.0,South America,1990
Indonesia,Robusta/Arabica,1990/91,446460000.0,Asia,1990
Madagascar,Robusta,1990/91,58920000.0,Africa,1990
Malawi,Arabica,1990/91,6300000.0,Africa,1990
Papua New Guinea,Arabica/Robusta,1990/91,57780000.0,Oceania,1990
Paraguay,Arabica,1990/91,7860000.0,South America,1990
Peru,Arabica,1990/91,56220000.0,South America,1990
Rwanda,Arabica,1990/91,32100000.0,Africa,1990
East Timor,Arabica,1990/91,0.0,Asia,1990
Zimbabwe,Arabica,1990/91,15120000.0,Africa,1990
Congo,Robusta,1990/91,180000.0,Africa,1990
Cuba,Arabica,1990/91,24840000.0,Central America,1990
Dominican Republic,Arabica/Robusta,1990/91,52800000.0,Central America,1990
Haiti,Arabica,1990/91,23580000.0,Central America,1990
Philippines,Robusta/Arabica,1990/91,58440000.0,Asia,1990
Tanzania,Arabica/Robusta,1990/91,55920000.0,Africa,1990
Zambia,Arabica,1990/91,1380000.0,Africa,1990
Cameroon,Robusta/Arabica,1990/91,100920000.0,Africa,1990
Central African Republic,Robusta,1990/91,10500000.0,Africa,1990
Colombia,Arabica,1990/91,863760000.0,South America,1990
Costa Rica,Arabica,1990/91,153720000.0,Central America,1990
Ivory Coast,Robusta,1990/91,176400000.0,Africa,1990
Congo,Robusta/Arabica,1990/91,94800000.0,Africa,1990
El Salvador,Arabica,1990/91,147900000.0,Central America,1990
Equatorial Guinea,Robusta,1990/91,240000.0,Africa,1990
Ethiopia,Arabica,1990/91,174540000.0,Africa,1990
Gabon,Robusta,1990/91,180000.0,Africa,1990
Ghana,Robusta,1990/91,2280000.0,Africa,1990
Guatemala,Arabica/Robusta,1990/91,196260000.0,Central America,1990
Guinea,Robusta,1990/91,2640000.0,Africa,1990
Guyana,Robusta,1990/91,0.0,South America,1990
Honduras,Arabica,1990/91,94080000.0,Central America,1990
India,Robusta/Arabica,1990/91,169740000.0,Asia,1990
Jamaica,Arabica,1990/91,1380000.0,Central America,1990
Kenya,Arabica,1990/91,89100000.0,Africa,1990
Laos,Robusta,1990/91,0.0,Asia,1990
Liberia,Robusta,1990/91,180000.0,Africa,1990
Mexico,Arabica/Robusta,1990/91,280440000.0,North America,1990
Nepal,Arabica,1990/91,0.0,Asia,1990
Nicaragua,Arabica,1990/91,27660000.0,Central America,1990
Nigeria,Robusta,1990/91,1740000.0,Africa,1990
Panama,Arabica,1990/91,12900000.0,Central America,1990
Sierra Leone,Robusta,1990/91,2580000.0,Africa,1990
Sri Lanka,Robusta/Arabica,1990/91,5760000.0,Asia,1990
Thailand,Robusta/Arabica,1990/91,45420000.0,Asia,1990
Togo,Robusta,1990/91,9660000.0,Africa,1990
Trinidad and Tobago,Robusta,1990/91,900000.0,Central America,1990
Uganda,Robusta/Arabica,1990/91,117300000.0,Africa,1990
Venezuela,Arabica,1990/91,67320000.0,South America,1990
Vietnam,Robusta/Arabica,1990/91,78600000.0,Asia,1990
Yemen,Arabica,1990/91,0.0,Asia,1990
Angola,Robusta/Arabica,1991/92,4740000.0,Africa,1991
Bolivia,Arabica,1991/92,6240000.0,South America,1991
Brazil,Arabica/Robusta,1991/92,1637580000.0,South America,1991
Burundi,Arabica/Robusta,1991/92,40020000.0,Africa,1991
Ecuador,Arabica/Robusta,1991/92,127440000.0,South America,1991
Indonesia,Robusta/Arabica,1991/92,509580000.0,Asia,1991
Madagascar,Robusta,1991/92,55980000.0,Africa,1991
Malawi,Arabica,1991/92,7440000.0,Africa,1991
Papua New Guinea,Arabica/Robusta,1991/92,44820000.0,Oceania,1991
Paraguay,Arabica,1991/92,4800000.0,South America,1991
Peru,Arabica,1991/92,72000000.0,South America,1991
Rwanda,Arabica,1991/92,29040000.0,Africa,1991
East Timor,Arabica,1991/92,0.0,Asia,1991
Zimbabwe,Arabica,1991/92,12060000.0,Africa,1991
Congo,Robusta,1991/92,180000.0,Africa,1991
Cuba,Arabica,1991/92,18120000.0,Central America,1991
Dominican Republic,Arabica/Robusta,1991/92,19260000.0,Central America,1991
Haiti,Arabica,1991/92,27780000.0,Central America,1991
Philippines,Robusta/Arabica,1991/92,61080000.0,Asia,1991
Tanzania,Arabica/Robusta,1991/92,47400000.0,Africa,1991
Zambia,Arabica,1991/92,1740000.0,Africa,1991
Cameroon,Robusta/Arabica,1991/92,103560000.0,Africa,1991
Central African Republic,Robusta,1991/92,7500000.0,Africa,1991
Colombia,Arabica,1991/92,1078800000.0,South America,1991
Costa Rica,Arabica,1991/92,165600000.0,Central America,1991
Ivory Coast,Robusta,1991/92,247740000.0,Africa,1991
Congo,Robusta/Arabica,1991/92,73800000.0,Africa,1991
El Salvador,Arabica,1991/92,131880000.0,Central America,1991
Equatorial Guinea,Robusta,1991/92,180000.0,Africa,1991
Ethiopia,Arabica,1991/92,175500000.0,Africa,1991
Gabon,Robusta,1991/92,120000.0,Africa,1991
Ghana,Robusta,1991/92,4560000.0,Africa,1991
Guatemala,Arabica/Robusta,1991/92,209820000.0,Central America,1991
Guinea,Robusta,1991/92,5460000.0,Africa,1991
Guyana,Robusta,1991/92,0.0,South America,1991
Honduras,Arabica,1991/92,139320000.0,Central America,1991
India,Robusta/Arabica,1991/92,180000000.0,Asia,1991
Jamaica,Arabica,1991/92,2340000.0,Central America,1991
Kenya,Arabica,1991/92,90840000.0,Africa,1991
Laos,Robusta,1991/92,0.0,Asia,1991
Liberia,Robusta,1991/92,180000.0,Africa,1991
Mexico,Arabica/Robusta,1991/92,283620000.0,North America,1991
Nepal,Arabica,1991/92,0.0,Asia,1991
Nicaragua,Arabica,1991/92,42420000.0,Central America,1991
Nigeria,Robusta,1991/92,2640000.0,Africa,1991
Panama,Arabica,1991/92,11580000.0,Central America,1991
Sierra Leone,Robusta,1991/92,3240000.0,Africa,1991
Sri Lanka,Robusta/Arabica,1991/92,4920000.0,Asia,1991
Thailand,Robusta/Arabica,1991/92,88140000.0,Asia,1991
Togo,Robusta,1991/92,25980000.0,Africa,1991
Trinidad and Tobago,Robusta,1991/92,1080000.0,Central America,1991
Uganda,Robusta/Arabica,1991/92,125280000.0,Africa,1991
Venezuela,Arabica,1991/92,56460000.0,South America,1991
Vietnam,Robusta/Arabica,1991/92,86280000.0,Asia,1991
Yemen,Arabica,1991/92,0.0,Asia,1991
Angola,Robusta/Arabica,1992/93,4680000.0,Africa,1992
Bolivia,Arabica,1992/93,7200000.0,South America,1992
Brazil,Arabica/Robusta,1992/93,2076180000.0,South America,1992
Burundi,Arabica/Robusta,1992/93,37200000.0,Africa,1992
Ecuador,Arabica/Robusta,1992/93,71100000.0,South America,1992
Indonesia,Robusta/Arabica,1992/93,334140000.0,Asia,1992
Madagascar,Robusta,1992/93,67320000.0,Africa,1992
Malawi,Arabica,1992/93,8220000.0,Africa,1992
Papua New Guinea,Arabica/Robusta,1992/93,54000000.0,Oceania,1992
Paraguay,Arabica,1992/93,3240000.0,South America,1992
Peru,Arabica,1992/93,105720000.0,South America,1992
Rwanda,Arabica,1992/93,38340000.0,Africa,1992
East Timor,Arabica,1992/93,0.0,Asia,1992
Zimbabwe,Arabica,1992/93,4680000.0,Africa,1992
Congo,Robusta,1992/93,180000.0,Africa,1992
Cuba,Arabica,1992/93,17040000.0,Central America,1992
Dominican Republic,Arabica/Robusta,1992/93,38280000.0,Central America,1992
Haiti,Arabica,1992/93,30000000.0,Central America,1992
Philippines,Robusta/Arabica,1992/93,55200000.0,Asia,1992
Tanzania,Arabica/Robusta,1992/93,47160000.0,Africa,1992
Zambia,Arabica,1992/93,1740000.0,Africa,1992
Cameroon,Robusta/Arabica,1992/93,15600000.0,Africa,1992
Central African Republic,Robusta,1992/93,8040000.0,Africa,1992
Colombia,Arabica,1992/93,896820000.0,South America,1992
Costa Rica,Arabica,1992/93,179880000.0,Central America,1992
Ivory Coast,Robusta,1992/93,134760000.0,Africa,1992
Congo,Robusta/Arabica,1992/93,70800000.0,Africa,1992
El Salvador,Arabica,1992/93,180060000.0,Central America,1992
Equatorial Guinea,Robusta,1992/93,120000.0,Africa,1992
Ethiopia,Arabica,1992/93,109500000.0,Africa,1992
Gabon,Robusta,1992/93,180000.0,Africa,1992
Ghana,Robusta,1992/93,2220000.0,Africa,1992
Guatemala,Arabica/Robusta,1992/93,259080000.0,Central America,1992
Guinea,Robusta,1992/93,4560000.0,Africa,1992
Guyana,Robusta,1992/93,0.0,South America,1992
Honduras,Arabica,1992/93,115080000.0,Central America,1992
India,Robusta/Arabica,1992/93,169380000.0,Asia,1992
Jamaica,Arabica,1992/93,1560000.0,Central America,1992
Kenya,Arabica,1992/93,78960000.0,Africa,1992
Laos,Robusta,1992/93,0.0,Asia,1992
Liberia,Robusta,1992/93,180000.0,Africa,1992
Mexico,Arabica/Robusta,1992/93,204060000.0,North America,1992
Nepal,Arabica,1992/93,0.0,Asia,1992
Nicaragua,Arabica,1992/93,32820000.0,Central America,1992
Nigeria,Robusta,1992/93,2940000.0,Africa,1992
Panama,Arabica,1992/93,11820000.0,Central America,1992
Sierra Leone,Robusta,1992/93,2340000.0,Africa,1992
Sri Lanka,Robusta/Arabica,1992/93,3180000.0,Asia,1992
Thailand,Robusta/Arabica,1992/93,75300000.0,Asia,1992
Togo,Robusta,1992/93,5160000.0,Africa,1992
Trinidad and Tobago,Robusta,1992/93,840000.0,Central America,1992
Uganda,Robusta/Arabica,1992/93,131100000.0,Africa,1992
Venezuela,Arabica,1992/93,72900000.0,South America,1992
Vietnam,Robusta/Arabica,1992/93,140400000.0,Asia,1992
Yemen,Arabica,1992/93,0.0,Asia,1992
Angola,Robusta/Arabica,1993/94,1980000.0,Africa,1993
Bolivia,Arabica,1993/94,3060000.0,South America,1993
Brazil,Arabica/Robusta,1993/94,1690020000.0,South America,1993
Burundi,Arabica/Robusta,1993/94,23580000.0,Africa,1993
Ecuador,Arabica/Robusta,1993/94,124140000.0,South America,1993
Indonesia,Robusta/Arabica,1993/94,404580000.0,Asia,1993
Madagascar,Robusta,1993/94,26520000.0,Africa,1993
Malawi,Arabica,1993/94,3720000.0,Africa,1993
Papua New Guinea,Arabica/Robusta,1993/94,61140000.0,Oceania,1993
Paraguay,Arabica,1993/94,4020000.0,South America,1993
Peru,Arabica,1993/94,39900000.0,South America,1993
Rwanda,Arabica,1993/94,26640000.0,Africa,1993
East Timor,Arabica,1993/94,0.0,Asia,1993
Zimbabwe,Arabica,1993/94,720000.0,Africa,1993
Congo,Robusta,1993/94,180000.0,Africa,1993
Cuba,Arabica,1993/94,17100000.0,Central America,1993
Dominican Republic,Arabica/Robusta,1993/94,36240000.0,Central America,1993
Haiti,Arabica,1993/94,27060000.0,Central America,1993
Philippines,Robusta/Arabica,1993/94,52500000.0,Asia,1993
Tanzania,Arabica/Robusta,1993/94,44040000.0,Africa,1993
Zambia,Arabica,1993/94,1620000.0,Africa,1993
Cameroon,Robusta/Arabica,1993/94,40980000.0,Africa,1993
Central African Republic,Robusta,1993/94,9960000.0,Africa,1993
Colombia,Arabica,1993/94,685320000.0,South America,1993
Costa Rica,Arabica,1993/94,141540000.0,Central America,1993
Ivory Coast,Robusta,1993/94,137580000.0,Africa,1993
Congo,Robusta/Arabica,1993/94,58800000.0,Africa,1993
El Salvador,Arabica,1993/94,142680000.0,Central America,1993
Equatorial Guinea,Robusta,1993/94,0.0,Africa,1993
Ethiopia,Arabica,1993/94,178020000.0,Africa,1993
Gabon,Robusta,1993/94,180000.0,Africa,1993
Ghana,Robusta,1993/94,2700000.0,Africa,1993
Guatemala,Arabica/Robusta,1993/94,212160000.0,Central America,1993
Guinea,Robusta,1993/94,3840000.0,Africa,1993
Guyana,Robusta,1993/94,0.0,South America,1993
Honduras,Arabica,1993/94,109740000.0,Central America,1993
India,Robusta/Arabica,1993/94,211980000.0,Asia,1993
Jamaica,Arabica,1993/94,2040000.0,Central America,1993
Kenya,Arabica,1993/94,79680000.0,Africa,1993
Laos,Robusta,1993/94,0.0,Asia,1993
Liberia,Robusta,1993/94,300000.0,Africa,1993
Mexico,Arabica/Robusta,1993/94,301380000.0,North America,1993
Nepal,Arabica,1993/94,0.0,Asia,1993
Nicaragua,Arabica,1993/94,42360000.0,Central America,1993
Nigeria,Robusta,1993/94,2700000.0,Africa,1993
Panama,Arabica,1993/94,8520000.0,Central America,1993
Sierra Leone,Robusta,1993/94,2220000.0,Africa,1993
Sri Lanka,Robusta/Arabica,1993/94,3240000.0,Asia,1993
Thailand,Robusta/Arabica,1993/94,76500000.0,Asia,1993
Togo,Robusta,1993/94,11700000.0,Africa,1993
Trinidad and Tobago,Robusta,1993/94,960000.0,Central America,1993
Uganda,Robusta/Arabica,1993/94,188520000.0,Africa,1993
Venezuela,Arabica,1993/94,79980000.0,South America,1993
Vietnam,Robusta/Arabica,1993/94,181200000.0,Asia,1993
Yemen,Arabica,1993/94,0.0,Asia,1993
Angola,Robusta/Arabica,1994/95,4620000.0,Africa,1994
Bolivia,Arabica,1994/95,7020000.0,South America,1994
Brazil,Arabica/Robusta,1994/95,1691520000.0,South America,1994
Burundi,Arabica/Robusta,1994/95,39840000.0,Africa,1994
Ecuador,Arabica/Robusta,1994/95,142560000.0,South America,1994
Indonesia,Robusta/Arabica,1994/95,322080000.0,Asia,1994
Madagascar,Robusta,1994/95,38460000.0,Africa,1994
Malawi,Arabica,1994/95,5040000.0,Africa,1994
Papua New Guinea,Arabica/Robusta,1994/95,68340000.0,Oceania,1994
Paraguay,Arabica,1994/95,1500000.0,South America,1994
Peru,Arabica,1994/95,70740000.0,South America,1994
Rwanda,Arabica,1994/95,1320000.0,Africa,1994
East Timor,Arabica,1994/95,0.0,Asia,1994
Zimbabwe,Arabica,1994/95,6360000.0,Africa,1994
Congo,Robusta,1994/95,480000.0,Africa,1994
Cuba,Arabica,1994/95,17040000.0,Central America,1994
Dominican Republic,Arabica/Robusta,1994/95,43800000.0,Central America,1994
Haiti,Arabica,1994/95,27000000.0,Central America,1994
Philippines,Robusta/Arabica,1994/95,52620000.0,Asia,1994
Tanzania,Arabica/Robusta,1994/95,40740000.0,Africa,1994
Zambia,Arabica,1994/95,1260000.0,Africa,1994
Cameroon,Robusta/Arabica,1994/95,24360000.0,Africa,1994
Central African Republic,Robusta,1994/95,15000000.0,Africa,1994
Colombia,Arabica,1994/95,777840000.0,South America,1994
Costa Rica,Arabica,1994/95,148920000.0,Central America,1994
Ivory Coast,Robusta,1994/95,180360000.0,Africa,1994
Congo,Robusta/Arabica,1994/95,77880000.0,Africa,1994
El Salvador,Arabica,1994/95,137580000.0,Central America,1994
Equatorial Guinea,Robusta,1994/95,180000.0,Africa,1994
Ethiopia,Arabica,1994/95,165780000.0,Africa,1994
Gabon,Robusta,1994/95,480000.0,Africa,1994
Ghana,Robusta,1994/95,3420000.0,Africa,1994
Guatemala,Arabica/Robusta,1994/95,227220000.0,Central America,1994
Guinea,Robusta,1994/95,11880000.0,Africa,1994
Guyana,Robusta,1994/95,0.0,South America,1994
Honduras,Arabica,1994/95,130860000.0,Central America,1994
India,Robusta/Arabica,1994/95,180120000.0,Asia,1994
Jamaica,Arabica,1994/95,2700000.0,Central America,1994
Kenya,Arabica,1994/95,99780000.0,Africa,1994
Laos,Robusta,1994/95,0.0,Asia,1994
Liberia,Robusta,1994/95,300000.0,Africa,1994
Mexico,Arabica/Robusta,1994/95,249540000.0,North America,1994
Nepal,Arabica,1994/95,0.0,Asia,1994
Nicaragua,Arabica,1994/95,40980000.0,Central America,1994
Nigeria,Robusta,1994/95,3120000.0,Africa,1994
Panama,Arabica,1994/95,14880000.0,Central America,1994
Sierra Leone,Robusta,1994/95,4380000.0,Africa,1994
Sri Lanka,Robusta/Arabica,1994/95,2520000.0,Asia,1994
Thailand,Robusta/Arabica,1994/95,83940000.0,Asia,1994
Togo,Robusta,1994/95,10560000.0,Africa,1994
Trinidad and Tobago,Robusta,1994/95,1080000.0,Central America,1994
Uganda,Robusta/Arabica,1994/95,143580000.0,Africa,1994
Venezuela,Arabica,1994/95,59340000.0,South America,1994
Vietnam,Robusta/Arabica,1994/95,217920000.0,Asia,1994
Yemen,Arabica,1994/95,0.0,Asia,1994
Angola,Robusta/Arabica,1995/96,3720000.0,Africa,1995
Bolivia,Arabica,1995/96,8520000.0,South America,1995
Brazil,Arabica/Robusta,1995/96,1083600000.0,South America,1995
Burundi,Arabica/Robusta,1995/96,26040000.0,Africa,1995
Ecuador,Arabica/Robusta,1995/96,113280000.0,South America,1995
Indonesia,Robusta/Arabica,1995/96,274380000.0,Asia,1995
Madagascar,Robusta,1995/96,47100000.0,Africa,1995
Malawi,Arabica,1995/96,5460000.0,Africa,1995
Papua New Guinea,Arabica/Robusta,1995/96,60120000.0,Oceania,1995
Paraguay,Arabica,1995/96,1560000.0,South America,1995
Peru,Arabica,1995/96,112260000.0,South America,1995
Rwanda,Arabica,1995/96,19740000.0,Africa,1995
East Timor,Arabica,1995/96,0.0,Asia,1995
Zimbabwe,Arabica,1995/96,7860000.0,Africa,1995
Congo,Robusta,1995/96,720000.0,Africa,1995
Cuba,Arabica,1995/96,17100000.0,Central America,1995
Dominican Republic,Arabica/Robusta,1995/96,53160000.0,Central America,1995
Haiti,Arabica,1995/96,30840000.0,Central America,1995
Philippines,Robusta/Arabica,1995/96,51000000.0,Asia,1995
Tanzania,Arabica/Robusta,1995/96,53820000.0,Africa,1995
Zambia,Arabica,1995/96,1560000.0,Africa,1995
Cameroon,Robusta/Arabica,1995/96,39600000.0,Africa,1995
Central African Republic,Robusta,1995/96,6480000.0,Africa,1995
Colombia,Arabica,1995/96,776280000.0,South America,1995
Costa Rica,Arabica,1995/96,170640000.0,Central America,1995
Ivory Coast,Robusta,1995/96,151920000.0,Africa,1995
Congo,Robusta/Arabica,1995/96,65880000.0,Africa,1995
El Salvador,Arabica,1995/96,155100000.0,Central America,1995
Equatorial Guinea,Robusta,1995/96,120000.0,Africa,1995
Ethiopia,Arabica,1995/96,189900000.0,Africa,1995
Gabon,Robusta,1995/96,120000.0,Africa,1995
Ghana,Robusta,1995/96,3420000.0,Africa,1995
Guatemala,Arabica/Robusta,1995/96,240120000.0,Central America,1995
Guinea,Robusta,1995/96,6240000.0,Africa,1995
Guyana,Robusta,1995/96,0.0,South America,1995
Honduras,Arabica,1995/96,114540000.0,Central America,1995
India,Robusta/Arabica,1995/96,240720000.0,Asia,1995
Jamaica,Arabica,1995/96,2580000.0,Central America,1995
Kenya,Arabica,1995/96,99840000.0,Africa,1995
Laos,Robusta,1995/96,0.0,Asia,1995
Liberia,Robusta,1995/96,300000.0,Africa,1995
Mexico,Arabica/Robusta,1995/96,318000000.0,North America,1995
Nepal,Arabica,1995/96,0.0,Asia,1995
Nicaragua,Arabica,1995/96,59100000.0,Central America,1995
Nigeria,Robusta,1995/96,3180000.0,Africa,1995
Panama,Arabica,1995/96,12540000.0,Central America,1995
Sierra Leone,Robusta,1995/96,2640000.0,Africa,1995
Sri Lanka,Robusta/Arabica,1995/96,2160000.0,Asia,1995
Thailand,Robusta/Arabica,1995/96,79020000.0,Asia,1995
Togo,Robusta,1995/96,5040000.0,Africa,1995
Trinidad and Tobago,Robusta,1995/96,1080000.0,Central America,1995
Uganda,Robusta/Arabica,1995/96,194640000.0,Africa,1995
Venezuela,Arabica,1995/96,88020000.0,South America,1995
Vietnam,Robusta/Arabica,1995/96,238200000.0,Asia,1995
Yemen,Arabica,1995/96,0.0,Asia,1995
Angola,Robusta/Arabica,1996/97,4260000.0,Africa,1996
Bolivia,Arabica,1996/97,7500000.0,South America,1996
Brazil,Arabica/Robusta,1996/97,1751820000.0,South America,1996
Burundi,Arabica/Robusta,1996/97,24060000.0,Africa,1996
Ecuador,Arabica/Robusta,1996/97,119580000.0,South America,1996
Indonesia,Robusta/Arabica,1996/97,493260000.0,Asia,1996
Madagascar,Robusta,1996/97,50940000.0,Africa,1996
Malawi,Arabica,1996/97,2940000.0,Africa,1996
Papua New Guinea,Arabica/Robusta,1996/97,65340000.0,Oceania,1996
Paraguay,Arabica,1996/97,1860000.0,South America,1996
Peru,Arabica,1996/97,108360000.0,South America,1996
Rwanda,Arabica,1996/97,17580000.0,Africa,1996
East Timor,Arabica,1996/97,0.0,Asia,1996
Zimbabwe,Arabica,1996/97,10440000.0,Africa,1996
Congo,Robusta,1996/97,840000.0,Africa,1996
Cuba,Arabica,1996/97,21960000.0,Central America,1996
Dominican Republic,Arabica/Robusta,1996/97,31140000.0,Central America,1996
Haiti,Arabica,1996/97,25680000.0,Central America,1996
Philippines,Robusta/Arabica,1996/97,53400000.0,Asia,1996
Tanzania,Arabica/Robusta,1996/97,45840000.0,Africa,1996
Zambia,Arabica,1996/97,1980000.0,Africa,1996
Cameroon,Robusta/Arabica,1996/97,85920000.0,Africa,1996
Central African Republic,Robusta,1996/97,12480000.0,Africa,1996
Colombia,Arabica,1996/97,646740000.0,South America,1996
Costa Rica,Arabica,1996/97,133320000.0,Central America,1996
Ivory Coast,Robusta,1996/97,291540000.0,Africa,1996
Congo,Robusta/Arabica,1996/97,47700000.0,Africa,1996
El Salvador,Arabica,1996/97,152040000.0,Central America,1996
Equatorial Guinea,Robusta,1996/97,60000.0,Africa,1996
Ethiopia,Arabica,1996/97,204420000.0,Africa,1996
Gabon,Robusta,1996/97,60000.0,Africa,1996
Ghana,Robusta,1996/97,1920000.0,Africa,1996
Guatemala,Arabica/Robusta,1996/97,271500000.0,Central America,1996
Guinea,Robusta,1996/97,8880000.0,Africa,1996
Guyana,Robusta,1996/97,0.0,South America,1996
Honduras,Arabica,1996/97,120240000.0,Central America,1996
India,Robusta/Arabica,1996/97,205020000.0,Asia,1996
Jamaica,Arabica,1996/97,3240000.0,Central America,1996
Kenya,Arabica,1996/97,74820000.0,Africa,1996
Laos,Robusta,1996/97,0.0,Asia,1996
Liberia,Robusta,1996/97,300000.0,Africa,1996
Mexico,Arabica/Robusta,1996/97,306600000.0,North America,1996
Nepal,Arabica,1996/97,0.0,Asia,1996
Nicaragua,Arabica,1996/97,47580000.0,Central America,1996
Nigeria,Robusta,1996/97,2760000.0,Africa,1996
Panama,Arabica,1996/97,12660000.0,Central America,1996
Sierra Leone,Robusta,1996/97,2460000.0,Africa,1996
Sri Lanka,Robusta/Arabica,1996/97,2220000.0,Asia,1996
Thailand,Robusta/Arabica,1996/97,84240000.0,Asia,1996
Togo,Robusta,1996/97,17460000.0,Africa,1996
Trinidad and Tobago,Robusta,1996/97,1080000.0,Central America,1996
Uganda,Robusta/Arabica,1996/97,205140000.0,Africa,1996
Venezuela,Arabica,1996/97,72360000.0,South America,1996
Vietnam,Robusta/Arabica,1996/97,345120000.0,Asia,1996
Yemen,Arabica,1996/97,0.0,Asia,1996
Angola,Robusta/Arabica,1997/98,3840000.0,Africa,1997
Bolivia,Arabica,1997/98,8460000.0,South America,1997
Brazil,Arabica/Robusta,1997/98,1568880000.0,South America,1997
Burundi,Arabica/Robusta,1997/98,15000000.0,Africa,1997
Ecuador,Arabica/Robusta,1997/98,71460000.0,South America,1997
Indonesia,Robusta/Arabica,1997/98,457260000.0,Asia,1997
Madagascar,Robusta,1997/98,37440000.0,Africa,1997
Malawi,Arabica,1997/98,3660000.0,Africa,1997
Papua New Guinea,Arabica/Robusta,1997/98,64440000.0,Oceania,1997
Paraguay,Arabica,1997/98,2940000.0,South America,1997
Peru,Arabica,1997/98,115800000.0,South America,1997
Rwanda,Arabica,1997/98,11580000.0,Africa,1997
East Timor,Arabica,1997/98,0.0,Asia,1997
Zimbabwe,Arabica,1997/98,7800000.0,Africa,1997
Congo,Robusta,1997/98,180000.0,Africa,1997
Cuba,Arabica,1997/98,18000000.0,Central America,1997
Dominican Republic,Arabica/Robusta,1997/98,56460000.0,Central America,1997
Haiti,Arabica,1997/98,25920000.0,Central America,1997
Philippines,Robusta/Arabica,1997/98,56100000.0,Asia,1997
Tanzania,Arabica/Robusta,1997/98,37440000.0,Africa,1997
Zambia,Arabica,1997/98,2280000.0,Africa,1997
Cameroon,Robusta/Arabica,1997/98,53340000.0,Africa,1997
Central African Republic,Robusta,1997/98,6840000.0,Africa,1997
Colombia,Arabica,1997/98,727320000.0,South America,1997
Costa Rica,Arabica,1997/98,157020000.0,Central America,1997
Ivory Coast,Robusta,1997/98,249840000.0,Africa,1997
Congo,Robusta/Arabica,1997/98,48660000.0,Africa,1997
El Salvador,Arabica,1997/98,130500000.0,Central America,1997
Equatorial Guinea,Robusta,1997/98,120000.0,Africa,1997
Ethiopia,Arabica,1997/98,183420000.0,Africa,1997
Gabon,Robusta,1997/98,180000.0,Africa,1997
Ghana,Robusta,1997/98,1620000.0,Africa,1997
Guatemala,Arabica/Robusta,1997/98,253140000.0,Central America,1997
Guinea,Robusta,1997/98,10320000.0,Africa,1997
Guyana,Robusta,1997/98,0.0,South America,1997
Honduras,Arabica,1997/98,153840000.0,Central America,1997
India,Robusta/Arabica,1997/98,246540000.0,Asia,1997
Jamaica,Arabica,1997/98,2820000.0,Central America,1997
Kenya,Arabica,1997/98,52920000.0,Africa,1997
Laos,Robusta,1997/98,0.0,Asia,1997
Liberia,Robusta,1997/98,300000.0,Africa,1997
Mexico,Arabica/Robusta,1997/98,288120000.0,North America,1997
Nepal,Arabica,1997/98,0.0,Asia,1997
Nicaragua,Arabica,1997/98,65040000.0,Central America,1997
Nigeria,Robusta,1997/98,2700000.0,Africa,1997
Panama,Arabica,1997/98,13020000.0,Central America,1997
Sierra Leone,Robusta,1997/98,3000000.0,Africa,1997
Sri Lanka,Robusta/Arabica,1997/98,3480000.0,Asia,1997
Thailand,Robusta/Arabica,1997/98,77580000.0,Asia,1997
Togo,Robusta,1997/98,13260000.0,Africa,1997
Trinidad and Tobago,Robusta,1997/98,1140000.0,Central America,1997
Uganda,Robusta/Arabica,1997/98,206400000.0,Africa,1997
Venezuela,Arabica,1997/98,57060000.0,South America,1997
Vietnam,Robusta/Arabica,1997/98,418740000.0,Asia,1997
Yemen,Arabica,1997/98,0.0,Asia,1997
Angola,Robusta/Arabica,1998/99,5100000.0,Africa,1998
Bolivia,Arabica,1998/99,8280000.0,South America,1998
Brazil,Arabica/Robusta,1998/99,2205660000.0,South America,1998
Burundi,Arabica/Robusta,1998/99,29520000.0,Africa,1998
Ecuador,Arabica/Robusta,1998/99,72360000.0,South America,1998
Indonesia,Robusta/Arabica,1998/99,437760000.0,Asia,1998
Madagascar,Robusta,1998/99,59520000.0,Africa,1998
Malawi,Arabica,1998/99,3840000.0,Africa,1998
Papua New Guinea,Arabica/Robusta,1998/99,81120000.0,Oceania,1998
Paraguay,Arabica,1998/99,1920000.0,South America,1998
Peru,Arabica,1998/99,126120000.0,South America,1998
Rwanda,Arabica,1998/99,13380000.0,Africa,1998
East Timor,Arabica,1998/99,0.0,Asia,1998
Zimbabwe,Arabica,1998/99,8940000.0,Africa,1998
Congo,Robusta,1998/99,180000.0,Africa,1998
Cuba,Arabica,1998/99,16800000.0,Central America,1998
Dominican Republic,Arabica/Robusta,1998/99,29220000.0,Central America,1998
Haiti,Arabica,1998/99,26340000.0,Central America,1998
Philippines,Robusta/Arabica,1998/99,40620000.0,Asia,1998
Tanzania,Arabica/Robusta,1998/99,44340000.0,Africa,1998
Zambia,Arabica,1998/99,3720000.0,Africa,1998
Cameroon,Robusta/Arabica,1998/99,66840000.0,Africa,1998
Central African Republic,Robusta,1998/99,12900000.0,Africa,1998
Colombia,Arabica,1998/99,652080000.0,South America,1998
Costa Rica,Arabica,1998/99,146700000.0,Central America,1998
Ivory Coast,Robusta,1998/99,119520000.0,Africa,1998
Congo,Robusta/Arabica,1998/99,44280000.0,Africa,1998
El Salvador,Arabica,1998/99,123300000.0,Central America,1998
Equatorial Guinea,Robusta,1998/99,60000.0,Africa,1998
Ethiopia,Arabica,1998/99,175680000.0,Africa,1998
Gabon,Robusta,1998/99,240000.0,Africa,1998
Ghana,Robusta,1998/99,3240000.0,Africa,1998
Guatemala,Arabica/Robusta,1998/99,293580000.0,Central America,1998
Guinea,Robusta,1998/99,25260000.0,Africa,1998
Guyana,Robusta,1998/99,360000.0,South America,1998
Honduras,Arabica,1998/99,131700000.0,Central America,1998
India,Robusta/Arabica,1998/99,265020000.0,Asia,1998
Jamaica,Arabica,1998/99,1740000.0,Central America,1998
Kenya,Arabica,1998/99,70380000.0,Africa,1998
Laos,Robusta,1998/99,10260000.0,Asia,1998
Liberia,Robusta,1998/99,1080000.0,Africa,1998
Mexico,Arabica/Robusta,1998/99,288060000.0,North America,1998
Nepal,Arabica,1998/99,0.0,Asia,1998
Nicaragua,Arabica,1998/99,64380000.0,Central America,1998
Nigeria,Robusta,1998/99,3180000.0,Africa,1998
Panama,Arabica,1998/99,11520000.0,Central America,1998
Sierra Leone,Robusta,1998/99,1620000.0,Africa,1998
Sri Lanka,Robusta/Arabica,1998/99,2760000.0,Asia,1998
Thailand,Robusta/Arabica,1998/99,54960000.0,Asia,1998
Togo,Robusta,1998/99,19260000.0,Africa,1998
Trinidad and Tobago,Robusta,1998/99,1020000.0,Central America,1998
Uganda,Robusta/Arabica,1998/99,203160000.0,Africa,1998
Venezuela,Arabica,1998/99,95820000.0,South America,1998
Vietnam,Robusta/Arabica,1998/99,423120000.0,Asia,1998
Yemen,Arabica,1998/99,4140000.0,Asia,1998
Angola,Robusta/Arabica,1999/00,3300000.0,Africa,1999
Bolivia,Arabica,1999/00,9480000.0,South America,1999
Brazil,Arabica/Robusta,1999/00,2854680000.0,South America,1999
Burundi,Arabica/Robusta,1999/00,21060000.0,Africa,1999
Ecuador,Arabica/Robusta,1999/00,71880000.0,South America,1999
Indonesia,Robusta/Arabica,1999/00,393420000.0,Asia,1999
Madagascar,Robusta,1999/00,25620000.0,Africa,1999
Malawi,Arabica,1999/00,3540000.0,Africa,1999
Papua New Guinea,Arabica/Robusta,1999/00,83220000.0,Oceania,1999
Paraguay,Arabica,1999/00,1140000.0,South America,1999
Peru,Arabica,1999/00,164640000.0,South America,1999
Rwanda,Arabica,1999/00,18420000.0,Africa,1999
East Timor,Arabica,1999/00,0.0,Asia,1999
Zimbabwe,Arabica,1999/00,7500000.0,Africa,1999
Congo,Robusta,1999/00,180000.0,Africa,1999
Cuba,Arabica,1999/00,19680000.0,Central America,1999
Dominican Republic,Arabica/Robusta,1999/00,36420000.0,Central America,1999
Haiti,Arabica,1999/00,23940000.0,Central America,1999
Philippines,Robusta/Arabica,1999/00,37320000.0,Asia,1999
Tanzania,Arabica/Robusta,1999/00,50520000.0,Africa,1999
Zambia,Arabica,1999/00,3540000.0,Africa,1999
Cameroon,Robusta/Arabica,1999/00,82200000.0,Africa,1999
Central African Republic,Robusta,1999/00,14460000.0,Africa,1999
Colombia,Arabica,1999/00,570720000.0,South America,1999
Costa Rica,Arabica,1999/00,149100000.0,Central America,1999
Ivory Coast,Robusta,1999/00,379200000.0,Africa,1999
Congo,Robusta/Arabica,1999/00,28620000.0,Africa,1999
El Salvador,Arabica,1999/00,155880000.0,Central America,1999
Equatorial Guinea,Robusta,1999/00,0.0,Africa,1999
Ethiopia,Arabica,1999/00,227040000.0,Africa,1999
Gabon,Robusta,1999/00,120000.0,Africa,1999
Ghana,Robusta,1999/00,5340000.0,Africa,1999
Guatemala,Arabica/Robusta,1999/00,307200000.0,Central America,1999
Guinea,Robusta,1999/00,21840000.0,Africa,1999
Guyana,Robusta,1999/00,300000.0,South America,1999
Honduras,Arabica,1999/00,179100000.0,Central America,1999
India,Robusta/Arabica,1999/00,292020000.0,Asia,1999
Jamaica,Arabica,1999/00,2280000.0,Central America,1999
Kenya,Arabica,1999/00,90120000.0,Africa,1999
Laos,Robusta,1999/00,14340000.0,Asia,1999
Liberia,Robusta,1999/00,720000.0,Africa,1999
Mexico,Arabica/Robusta,1999/00,373140000.0,North America,1999
Nepal,Arabica,1999/00,0.0,Asia,1999
Nicaragua,Arabica,1999/00,93240000.0,Central America,1999
Nigeria,Robusta,1999/00,2700000.0,Africa,1999
Panama,Arabica,1999/00,9960000.0,Central America,1999
Sierra Leone,Robusta,1999/00,3540000.0,Africa,1999
Sri Lanka,Robusta/Arabica,1999/00,1920000.0,Asia,1999
Thailand,Robusta/Arabica,1999/00,76380000.0,Asia,1999
Togo,Robusta,1999/00,15780000.0,Africa,1999
Trinidad and Tobago,Robusta,1999/00,1020000.0,Central America,1999
Uganda,Robusta/Arabica,1999/00,171720000.0,Africa,1999
Venezuela,Arabica,1999/00,82020000.0,South America,1999
Vietnam,Robusta/Arabica,1999/00,697860000.0,Asia,1999
Yemen,Arabica,1999/00,3660000.0,Asia,1999
Angola,Robusta/Arabica,2000/01,3000000.0,Africa,2000
Bolivia,Arabica,2000/01,8880000.0,South America,2000
Brazil,Arabica/Robusta,2000/01,1878600000.0,South America,2000
Burundi,Arabica/Robusta,2000/01,29220000.0,Africa,2000
Ecuador,Arabica/Robusta,2000/01,51240000.0,South America,2000
Indonesia,Robusta/Arabica,2000/01,419220000.0,Asia,2000
Madagascar,Robusta,2000/01,21720000.0,Africa,2000
Malawi,Arabica,2000/01,3780000.0,Africa,2000
Papua New Guinea,Arabica/Robusta,2000/01,62460000.0,Oceania,2000
Paraguay,Arabica,2000/01,1320000.0,South America,2000
Peru,Arabica,2000/01,160560000.0,South America,2000
Rwanda,Arabica,2000/01,16380000.0,Africa,2000
East Timor,Arabica,2000/01,420000.0,Asia,2000
Zimbabwe,Arabica,2000/01,6540000.0,Africa,2000
Congo,Robusta,2000/01,180000.0,Africa,2000
Cuba,Arabica,2000/01,18720000.0,Central America,2000
Dominican Republic,Arabica/Robusta,2000/01,28020000.0,Central America,2000
Haiti,Arabica,2000/01,25200000.0,Central America,2000
Philippines,Robusta/Arabica,2000/01,20460000.0,Asia,2000
Tanzania,Arabica/Robusta,2000/01,48540000.0,Africa,2000
Zambia,Arabica,2000/01,5580000.0,Africa,2000
Cameroon,Robusta/Arabica,2000/01,66780000.0,Africa,2000
Central African Republic,Robusta,2000/01,6780000.0,Africa,2000
Colombia,Arabica,2000/01,631140000.0,South America,2000
Costa Rica,Arabica,2000/01,145140000.0,Central America,2000
Ivory Coast,Robusta,2000/01,290760000.0,Africa,2000
Congo,Robusta/Arabica,2000/01,21780000.0,Africa,2000
El Salvador,Arabica,2000/01,102240000.0,Central America,2000
Equatorial Guinea,Robusta,2000/01,0.0,Africa,2000
Ethiopia,Arabica,2000/01,186900000.0,Africa,2000
Gabon,Robusta,2000/01,0.0,Africa,2000
Ghana,Robusta,2000/01,4560000.0,Africa,2000
Guatemala,Arabica/Robusta,2000/01,296400000.0,Central America,2000
Guinea,Robusta,2000/01,24000000.0,Africa,2000
Guyana,Robusta,2000/01,180000.0,South America,2000
Honduras,Arabica,2000/01,160020000.0,Central America,2000
India,Robusta/Arabica,2000/01,301200000.0,Asia,2000
Jamaica,Arabica,2000/01,2220000.0,Central America,2000
Kenya,Arabica,2000/01,60120000.0,Africa,2000
Laos,Robusta,2000/01,12720000.0,Asia,2000
Liberia,Robusta,2000/01,720000.0,Africa,2000
Mexico,Arabica/Robusta,2000/01,288900000.0,North America,2000
Nepal,Arabica,2000/01,0.0,Asia,2000
Nicaragua,Arabica,2000/01,94320000.0,Central America,2000
Nigeria,Robusta,2000/01,2940000.0,Africa,2000
Panama,Arabica,2000/01,10200000.0,Central America,2000
Sierra Leone,Robusta,2000/01,2940000.0,Africa,2000
Sri Lanka,Robusta/Arabica,2000/01,1980000.0,Asia,2000
Thailand,Robusta/Arabica,2000/01,101520000.0,Asia,2000
Togo,Robusta,2000/01,11820000.0,Africa,2000
Trinidad and Tobago,Robusta,2000/01,960000.0,Central America,2000
Uganda,Robusta/Arabica,2000/01,204060000.0,Africa,2000
Venezuela,Arabica,2000/01,87000000.0,South America,2000
Vietnam,Robusta/Arabica,2000/01,890460000.0,Asia,2000
Yemen,Arabica,2000/01,3840000.0,Asia,2000
Angola,Robusta/Arabica,2001/02,1260000.0,Africa,2001
Bolivia,Arabica,2001/02,5640000.0,South America,2001
Brazil,Arabica/Robusta,2001/02,1881900000.0,South America,2001
Burundi,Arabica/Robusta,2001/02,8640000.0,Africa,2001
Ecuador,Arabica/Robusta,2001/02,47580000.0,South America,2001
Indonesia,Robusta/Arabica,2001/02,409980000.0,Asia,2001
Madagascar,Robusta,2001/02,8820000.0,Africa,2001
Malawi,Arabica,2001/02,3600000.0,Africa,2001
Papua New Guinea,Arabica/Robusta,2001/02,63780000.0,Oceania,2001
Paraguay,Arabica,2001/02,1320000.0,South America,2001
Peru,Arabica,2001/02,169740000.0,South America,2001
Rwanda,Arabica,2001/02,17760000.0,Africa,2001
East Timor,Arabica,2001/02,1980000.0,Asia,2001
Zimbabwe,Arabica,2001/02,7260000.0,Africa,2001
Congo,Robusta,2001/02,180000.0,Africa,2001
Cuba,Arabica,2001/02,17100000.0,Central America,2001
Dominican Republic,Arabica/Robusta,2001/02,23220000.0,Central America,2001
Haiti,Arabica,2001/02,24180000.0,Central America,2001
Philippines,Robusta/Arabica,2001/02,15780000.0,Asia,2001
Tanzania,Arabica/Robusta,2001/02,37440000.0,Africa,2001
Zambia,Arabica,2001/02,6000000.0,Africa,2001
Cameroon,Robusta/Arabica,2001/02,41160000.0,Africa,2001
Central African Republic,Robusta,2001/02,4080000.0,Africa,2001
Colombia,Arabica,2001/02,717000000.0,South America,2001
Costa Rica,Arabica,2001/02,134820000.0,Central America,2001
Ivory Coast,Robusta,2001/02,215760000.0,Africa,2001
Congo,Robusta/Arabica,2001/02,25380000.0,Africa,2001
El Salvador,Arabica,2001/02,101640000.0,Central America,2001
Equatorial Guinea,Robusta,2001/02,0.0,Africa,2001
Ethiopia,Arabica,2001/02,242640000.0,Africa,2001
Gabon,Robusta,2001/02,60000.0,Africa,2001
Ghana,Robusta,2001/02,420000.0,Africa,2001
Guatemala,Arabica/Robusta,2001/02,220140000.0,Central America,2001
Guinea,Robusta,2001/02,14160000.0,Africa,2001
Guyana,Robusta,2001/02,300000.0,South America,2001
Honduras,Arabica,2001/02,182160000.0,Central America,2001
India,Robusta/Arabica,2001/02,288600000.0,Asia,2001
Jamaica,Arabica,2001/02,1860000.0,Central America,2001
Kenya,Arabica,2001/02,59460000.0,Africa,2001
Laos,Robusta,2001/02,15480000.0,Asia,2001
Liberia,Robusta,2001/02,720000.0,Africa,2001
Mexico,Arabica/Robusta,2001/02,266280000.0,North America,2001
Nepal,Arabica,2001/02,0.0,Asia,2001
Nicaragua,Arabica,2001/02,64740000.0,Central America,2001
Nigeria,Robusta,2001/02,2640000.0,Africa,2001
Panama,Arabica,2001/02,9600000.0,Central America,2001
Sierra Leone,Robusta,2001/02,4740000.0,Africa,2001
Sri Lanka,Robusta/Arabica,2001/02,1920000.0,Asia,2001
Thailand,Robusta/Arabica,2001/02,42840000.0,Asia,2001
Togo,Robusta,2001/02,6720000.0,Africa,2001
Trinidad and Tobago,Robusta,2001/02,960000.0,Central America,2001
Uganda,Robusta/Arabica,2001/02,189480000.0,Africa,2001
Venezuela,Arabica,2001/02,75900000.0,South America,2001
Vietnam,Robusta/Arabica,2001/02,785580000.0,Asia,2001
Yemen,Arabica,2001/02,3720000.0,Asia,2001
Angola,Robusta/Arabica,2002/03,3420000.0,Africa,2002
Bolivia,Arabica,2002/03,7620000.0,South America,2002
Brazil,Arabica/Robusta,2002/03,2901120000.0,South America,2002
Burundi,Arabica/Robusta,2002/03,27240000.0,Africa,2002
Ecuador,Arabica/Robusta,2002/03,34920000.0,South America,2002
Indonesia,Robusta/Arabica,2002/03,403860000.0,Asia,2002
Madagascar,Robusta,2002/03,26700000.0,Africa,2002
Malawi,Arabica,2002/03,2520000.0,Africa,2002
Papua New Guinea,Arabica/Robusta,2002/03,65100000.0,Oceania,2002
Paraguay,Arabica,2002/03,2160000.0,South America,2002
Peru,Arabica,2002/03,180000000.0,South America,2002
Rwanda,Arabica,2002/03,19200000.0,Africa,2002
East Timor,Arabica,2002/03,2220000.0,Asia,2002
Zimbabwe,Arabica,2002/03,6600000.0,Africa,2002
Congo,Robusta,2002/03,180000.0,Africa,2002
Cuba,Arabica,2002/03,14340000.0,Central America,2002
Dominican Republic,Arabica/Robusta,2002/03,27300000.0,Central America,2002
Haiti,Arabica,2002/03,22440000.0,Central America,2002
Philippines,Robusta/Arabica,2002/03,15300000.0,Asia,2002
Tanzania,Arabica/Robusta,2002/03,49440000.0,Africa,2002
Zambia,Arabica,2002/03,7140000.0,Africa,2002
Cameroon,Robusta/Arabica,2002/03,48060000.0,Africa,2002
Central African Republic,Robusta,2002/03,5520000.0,Africa,2002
Colombia,Arabica,2002/03,702720000.0,South America,2002
Costa Rica,Arabica,2002/03,122580000.0,Central America,2002
Ivory Coast,Robusta,2002/03,180600000.0,Africa,2002
Congo,Robusta/Arabica,2002/03,20280000.0,Africa,2002
El Salvador,Arabica,2002/03,81660000.0,Central America,2002
Equatorial Guinea,Robusta,2002/03,0.0,Africa,2002
Ethiopia,Arabica,2002/03,245640000.0,Africa,2002
Gabon,Robusta,2002/03,60000.0,Africa,2002
Ghana,Robusta,2002/03,2040000.0,Africa,2002
Guatemala,Arabica/Robusta,2002/03,244200000.0,Central America,2002
Guinea,Robusta,2002/03,19680000.0,Africa,2002
Guyana,Robusta,2002/03,300000.0,South America,2002
Honduras,Arabica,2002/03,149760000.0,Central America,2002
India,Robusta/Arabica,2002/03,275280000.0,Asia,2002
Jamaica,Arabica,2002/03,2220000.0,Central America,2002
Kenya,Arabica,2002/03,56700000.0,Africa,2002
Laos,Robusta,2002/03,24120000.0,Asia,2002
Liberia,Robusta,2002/03,720000.0,Africa,2002
Mexico,Arabica/Robusta,2002/03,261060000.0,North America,2002
Nepal,Arabica,2002/03,0.0,Asia,2002
Nicaragua,Arabica,2002/03,70200000.0,Central America,2002
Nigeria,Robusta,2002/03,3000000.0,Africa,2002
Panama,Arabica,2002/03,8400000.0,Central America,2002
Sierra Leone,Robusta,2002/03,2520000.0,Africa,2002
Sri Lanka,Robusta/Arabica,2002/03,2040000.0,Asia,2002
Thailand,Robusta/Arabica,2002/03,43920000.0,Asia,2002
Togo,Robusta,2002/03,4080000.0,Africa,2002
Trinidad and Tobago,Robusta,2002/03,1020000.0,Central America,2002
Uganda,Robusta/Arabica,2002/03,173400000.0,Africa,2002
Venezuela,Arabica,2002/03,89040000.0,South America,2002
Vietnam,Robusta/Arabica,2002/03,694440000.0,Asia,2002
Yemen,Arabica,2002/03,3420000.0,Asia,2002
Angola,Robusta/Arabica,2003/04,2280000.0,Africa,2003
Bolivia,Arabica,2003/04,6180000.0,South America,2003
Brazil,Arabica/Robusta,2003/04,1732380000.0,South America,2003
Burundi,Arabica/Robusta,2003/04,20280000.0,Africa,2003
Ecuador,Arabica/Robusta,2003/04,38460000.0,South America,2003
Indonesia,Robusta/Arabica,2003/04,384240000.0,Asia,2003
Madagascar,Robusta,2003/04,26100000.0,Africa,2003
Malawi,Arabica,2003/04,2880000.0,Africa,2003
Papua New Guinea,Arabica/Robusta,2003/04,69300000.0,Oceania,2003
Paraguay,Arabica,2003/04,2820000.0,South America,2003
Peru,Arabica,2003/04,161160000.0,South America,2003
Rwanda,Arabica,2003/04,15960000.0,Africa,2003
East Timor,Arabica,2003/04,2520000.0,Asia,2003
Zimbabwe,Arabica,2003/04,5520000.0,Africa,2003
Congo,Robusta,2003/04,180000.0,Africa,2003
Cuba,Arabica,2003/04,13440000.0,Central America,2003
Dominican Republic,Arabica/Robusta,2003/04,21060000.0,Central America,2003
Haiti,Arabica,2003/04,22440000.0,Central America,2003
Philippines,Robusta/Arabica,2003/04,17580000.0,Asia,2003
Tanzania,Arabica/Robusta,2003/04,36720000.0,Africa,2003
Zambia,Arabica,2003/04,6000000.0,Africa,2003
Cameroon,Robusta/Arabica,2003/04,54000000.0,Africa,2003
Central African Republic,Robusta,2003/04,2580000.0,Africa,2003
Colombia,Arabica,2003/04,663180000.0,South America,2003
Costa Rica,Arabica,2003/04,113160000.0,Central America,2003
Ivory Coast,Robusta,2003/04,178860000.0,Africa,2003
Congo,Robusta/Arabica,2003/04,27060000.0,Africa,2003
El Salvador,Arabica,2003/04,82800000.0,Central America,2003
Equatorial Guinea,Robusta,2003/04,0.0,Africa,2003
Ethiopia,Arabica,2003/04,263640000.0,Africa,2003
Gabon,Robusta,2003/04,0.0,Africa,2003
Ghana,Robusta,2003/04,1080000.0,Africa,2003
Guatemala,Arabica/Robusta,2003/04,216600000.0,Central America,2003
Guinea,Robusta,2003/04,21960000.0,Africa,2003
Guyana,Robusta,2003/04,300000.0,South America,2003
Honduras,Arabica,2003/04,178080000.0,Central America,2003
India,Robusta/Arabica,2003/04,282480000.0,Asia,2003
Jamaica,Arabica,2003/04,2220000.0,Central America,2003
Kenya,Arabica,2003/04,40380000.0,Africa,2003
Laos,Robusta,2003/04,21660000.0,Asia,2003
Liberia,Robusta,2003/04,300000.0,Africa,2003
Mexico,Arabica/Robusta,2003/04,252060000.0,North America,2003
Nepal,Arabica,2003/04,60000.0,Asia,2003
Nicaragua,Arabica,2003/04,90540000.0,Central America,2003
Nigeria,Robusta,2003/04,2760000.0,Africa,2003
Panama,Arabica,2003/04,10320000.0,Central America,2003
Sierra Leone,Robusta,2003/04,2160000.0,Africa,2003
Sri Lanka,Robusta/Arabica,2003/04,2220000.0,Asia,2003
Thailand,Robusta/Arabica,2003/04,49620000.0,Asia,2003
Togo,Robusta,2003/04,8640000.0,Africa,2003
Trinidad and Tobago,Robusta,2003/04,960000.0,Central America,2003
Uganda,Robusta/Arabica,2003/04,155940000.0,Africa,2003
Venezuela,Arabica,2003/04,85260000.0,South America,2003
Vietnam,Robusta/Arabica,2003/04,920220000.0,Asia,2003
Yemen,Arabica,2003/04,11580000.0,Asia,2003
Angola,Robusta/Arabica,2004/05,900000.0,Africa,2004
Bolivia,Arabica,2004/05,9300000.0,South America,2004
Brazil,Arabica/Robusta,2004/05,2356860000.0,South America,2004
Burundi,Arabica/Robusta,2004/05,26220000.0,Africa,2004
Ecuador,Arabica/Robusta,2004/05,46800000.0,South America,2004
Indonesia,Robusta/Arabica,2004/05,452160000.0,Asia,2004
Madagascar,Robusta,2004/05,31320000.0,Africa,2004
Malawi,Arabica,2004/05,1260000.0,Africa,2004
Papua New Guinea,Arabica/Robusta,2004/05,59880000.0,Oceania,2004
Paraguay,Arabica,2004/05,2280000.0,South America,2004
Peru,Arabica,2004/05,205500000.0,South America,2004
Rwanda,Arabica,2004/05,27000000.0,Africa,2004
East Timor,Arabica,2004/05,1020000.0,Asia,2004
Zimbabwe,Arabica,2004/05,7200000.0,Africa,2004
Congo,Robusta,2004/05,180000.0,Africa,2004
Cuba,Arabica,2004/05,10800000.0,Central America,2004
Dominican Republic,Arabica/Robusta,2004/05,29460000.0,Central America,2004
Haiti,Arabica,2004/05,21900000.0,Central America,2004
Philippines,Robusta/Arabica,2004/05,21300000.0,Asia,2004
Tanzania,Arabica/Robusta,2004/05,45780000.0,Africa,2004
Zambia,Arabica,2004/05,6600000.0,Africa,2004
Cameroon,Robusta/Arabica,2004/05,43620000.0,Africa,2004
Central African Republic,Robusta,2004/05,1740000.0,Africa,2004
Colombia,Arabica,2004/05,685740000.0,South America,2004
Costa Rica,Arabica,2004/05,112560000.0,Central America,2004
Ivory Coast,Robusta,2004/05,128160000.0,Africa,2004
Congo,Robusta/Arabica,2004/05,21600000.0,Africa,2004
El Salvador,Arabica,2004/05,71820000.0,Central America,2004
Equatorial Guinea,Robusta,2004/05,0.0,Africa,2004
Ethiopia,Arabica,2004/05,312780000.0,Africa,2004
Gabon,Robusta,2004/05,0.0,Africa,2004
Ghana,Robusta,2004/05,1080000.0,Africa,2004
Guatemala,Arabica/Robusta,2004/05,222180000.0,Central America,2004
Guinea,Robusta,2004/05,18960000.0,Africa,2004
Guyana,Robusta,2004/05,360000.0,South America,2004
Honduras,Arabica,2004/05,154500000.0,Central America,2004
India,Robusta/Arabica,2004/05,275460000.0,Asia,2004
Jamaica,Arabica,2004/05,1260000.0,Central America,2004
Kenya,Arabica,2004/05,44160000.0,Africa,2004
Laos,Robusta,2004/05,22740000.0,Asia,2004
Liberia,Robusta,2004/05,360000.0,Africa,2004
Mexico,Arabica/Robusta,2004/05,232020000.0,North America,2004
Nepal,Arabica,2004/05,60000.0,Asia,2004
Nicaragua,Arabica,2004/05,64080000.0,Central America,2004
Nigeria,Robusta,2004/05,2700000.0,Africa,2004
Panama,Arabica,2004/05,5400000.0,Central America,2004
Sierra Leone,Robusta,2004/05,900000.0,Africa,2004
Sri Lanka,Robusta/Arabica,2004/05,1920000.0,Asia,2004
Thailand,Robusta/Arabica,2004/05,53040000.0,Asia,2004
Togo,Robusta,2004/05,9960000.0,Africa,2004
Trinidad and Tobago,Robusta,2004/05,900000.0,Central America,2004
Uganda,Robusta/Arabica,2004/05,156780000.0,Africa,2004
Venezuela,Arabica,2004/05,79620000.0,South America,2004
Vietnam,Robusta/Arabica,2004/05,862200000.0,Asia,2004
Yemen,Arabica,2004/05,12360000.0,Asia,2004
Angola,Robusta/Arabica,2005/06,1500000.0,Africa,2005
Bolivia,Arabica,2005/06,6600000.0,South America,2005
Brazil,Arabica/Robusta,2005/06,1975980000.0,South America,2005
Burundi,Arabica/Robusta,2005/06,6180000.0,Africa,2005
Ecuador,Arabica/Robusta,2005/06,56100000.0,South America,2005
Indonesia,Robusta/Arabica,2005/06,549540000.0,Asia,2005
Madagascar,Robusta,2005/06,35940000.0,Africa,2005
Malawi,Arabica,2005/06,1440000.0,Africa,2005
Papua New Guinea,Arabica/Robusta,2005/06,76080000.0,Oceania,2005
Paraguay,Arabica,2005/06,2640000.0,South America,2005
Peru,Arabica,2005/06,149340000.0,South America,2005
Rwanda,Arabica,2005/06,20220000.0,Africa,2005
East Timor,Arabica,2005/06,1440000.0,Asia,2005
Zimbabwe,Arabica,2005/06,3960000.0,Africa,2005
Congo,Robusta,2005/06,180000.0,Africa,2005
Cuba,Arabica,2005/06,6000000.0,Central America,2005
Dominican Republic,Arabica/Robusta,2005/06,18600000.0,Central America,2005
Haiti,Arabica,2005/06,21360000.0,Central America,2005
Philippines,Robusta/Arabica,2005/06,25920000.0,Asia,2005
Tanzania,Arabica/Robusta,2005/06,48240000.0,Africa,2005
Zambia,Arabica,2005/06,6180000.0,Africa,2005
Cameroon,Robusta/Arabica,2005/06,52200000.0,Africa,2005
Central African Republic,Robusta,2005/06,1380000.0,Africa,2005
Colombia,Arabica,2005/06,717120000.0,South America,2005
Costa Rica,Arabica,2005/06,99180000.0,Central America,2005
Ivory Coast,Robusta,2005/06,125940000.0,Africa,2005
Congo,Robusta/Arabica,2005/06,20160000.0,Africa,2005
El Salvador,Arabica,2005/06,79140000.0,Central America,2005
Equatorial Guinea,Robusta,2005/06,0.0,Africa,2005
Ethiopia,Arabica,2005/06,286740000.0,Africa,2005
Gabon,Robusta,2005/06,60000.0,Africa,2005
Ghana,Robusta,2005/06,720000.0,Africa,2005
Guatemala,Arabica/Robusta,2005/06,220560000.0,Central America,2005
Guinea,Robusta,2005/06,31500000.0,Africa,2005
Guyana,Robusta,2005/06,420000.0,South America,2005
Honduras,Arabica,2005/06,192240000.0,Central America,2005
India,Robusta/Arabica,2005/06,273960000.0,Asia,2005
Jamaica,Arabica,2005/06,2040000.0,Central America,2005
Kenya,Arabica,2005/06,39600000.0,Africa,2005
Laos,Robusta,2005/06,16800000.0,Asia,2005
Liberia,Robusta,2005/06,300000.0,Africa,2005
Mexico,Arabica/Robusta,2005/06,253500000.0,North America,2005
Nepal,Arabica,2005/06,60000.0,Asia,2005
Nicaragua,Arabica,2005/06,85920000.0,Central America,2005
Nigeria,Robusta,2005/06,4140000.0,Africa,2005
Panama,Arabica,2005/06,10560000.0,Central America,2005
Sierra Leone,Robusta,2005/06,3600000.0,Africa,2005
Sri Lanka,Robusta/Arabica,2005/06,2100000.0,Asia,2005
Thailand,Robusta/Arabica,2005/06,63840000.0,Asia,2005
Togo,Robusta,2005/06,8400000.0,Africa,2005
Trinidad and Tobago,Robusta,2005/06,900000.0,Central America,2005
Uganda,Robusta/Arabica,2005/06,130500000.0,Africa,2005
Venezuela,Arabica,2005/06,90360000.0,South America,2005
Vietnam,Robusta/Arabica,2005/06,830520000.0,Asia,2005
Yemen,Arabica,2005/06,12180000.0,Asia,2005
Angola,Robusta/Arabica,2006/07,2100000.0,Africa,2006
Bolivia,Arabica,2006/07,8760000.0,South America,2006
Brazil,Arabica/Robusta,2006/07,2905920000.0,South America,2006
Burundi,Arabica/Robusta,2006/07,29880000.0,Africa,2006
Ecuador,Arabica/Robusta,2006/07,62100000.0,South America,2006
Indonesia,Robusta/Arabica,2006/07,448980000.0,Asia,2006
Madagascar,Robusta,2006/07,35220000.0,Africa,2006
Malawi,Arabica,2006/07,1020000.0,Africa,2006
Papua New Guinea,Arabica/Robusta,2006/07,48420000.0,Oceania,2006
Paraguay,Arabica,2006/07,2100000.0,South America,2006
Peru,Arabica,2006/07,259140000.0,South America,2006
Rwanda,Arabica,2006/07,21060000.0,Africa,2006
East Timor,Arabica,2006/07,2760000.0,Asia,2006
Zimbabwe,Arabica,2006/07,2700000.0,Africa,2006
Congo,Robusta,2006/07,180000.0,Africa,2006
Cuba,Arabica,2006/07,6300000.0,Central America,2006
Dominican Republic,Arabica/Robusta,2006/07,23220000.0,Central America,2006
Haiti,Arabica,2006/07,21720000.0,Central America,2006
Philippines,Robusta/Arabica,2006/07,26460000.0,Asia,2006
Tanzania,Arabica/Robusta,2006/07,49320000.0,Africa,2006
Zambia,Arabica,2006/07,3360000.0,Africa,2006
Cameroon,Robusta/Arabica,2006/07,49080000.0,Africa,2006
Central African Republic,Robusta,2006/07,6840000.0,Africa,2006
Colombia,Arabica,2006/07,729840000.0,South America,2006
Costa Rica,Arabica,2006/07,102360000.0,Central America,2006
Ivory Coast,Robusta,2006/07,170880000.0,Africa,2006
Congo,Robusta/Arabica,2006/07,22680000.0,Africa,2006
El Salvador,Arabica,2006/07,74040000.0,Central America,2006
Equatorial Guinea,Robusta,2006/07,0.0,Africa,2006
Ethiopia,Arabica,2006/07,333060000.0,Africa,2006
Gabon,Robusta,2006/07,60000.0,Africa,2006
Ghana,Robusta,2006/07,1200000.0,Africa,2006
Guatemala,Arabica/Robusta,2006/07,237000000.0,Central America,2006
Guinea,Robusta,2006/07,28380000.0,Africa,2006
Guyana,Robusta,2006/07,480000.0,South America,2006
Honduras,Arabica,2006/07,207660000.0,Central America,2006
India,Robusta/Arabica,2006/07,270000000.0,Asia,2006
Jamaica,Arabica,2006/07,2400000.0,Central America,2006
Kenya,Arabica,2006/07,49560000.0,Africa,2006
Laos,Robusta,2006/07,23460000.0,Asia,2006
Liberia,Robusta,2006/07,420000.0,Africa,2006
Mexico,Arabica/Robusta,2006/07,252000000.0,North America,2006
Nepal,Arabica,2006/07,120000.0,Asia,2006
Nicaragua,Arabica,2006/07,85680000.0,Central America,2006
Nigeria,Robusta,2006/07,3060000.0,Africa,2006
Panama,Arabica,2006/07,10380000.0,Central America,2006
Sierra Leone,Robusta,2006/07,1860000.0,Africa,2006
Sri Lanka,Robusta/Arabica,2006/07,1980000.0,Asia,2006
Thailand,Robusta/Arabica,2006/07,49320000.0,Asia,2006
Togo,Robusta,2006/07,8040000.0,Africa,2006
Trinidad and Tobago,Robusta,2006/07,720000.0,Central America,2006
Uganda,Robusta/Arabica,2006/07,173640000.0,Africa,2006
Venezuela,Arabica,2006/07,94260000.0,South America,2006
Vietnam,Robusta/Arabica,2006/07,1160400000.0,Asia,2006
Yemen,Arabica,2006/07,12420000.0,Asia,2006
Angola,Robusta/Arabica,2007/08,2160000.0,Africa,2007
Bolivia,Arabica,2007/08,6960000.0,South America,2007
Brazil,Arabica/Robusta,2007/08,2334660000.0,South America,2007
Burundi,Arabica/Robusta,2007/08,7980000.0,Africa,2007
Ecuador,Arabica/Robusta,2007/08,57000000.0,South America,2007
Indonesia,Robusta/Arabica,2007/08,466620000.0,Asia,2007
Madagascar,Robusta,2007/08,36840000.0,Africa,2007
Malawi,Arabica,2007/08,1140000.0,Africa,2007
Papua New Guinea,Arabica/Robusta,2007/08,58080000.0,Oceania,2007
Paraguay,Arabica,2007/08,2340000.0,South America,2007
Peru,Arabica,2007/08,183780000.0,South America,2007
Rwanda,Arabica,2007/08,13440000.0,Africa,2007
East Timor,Arabica,2007/08,2160000.0,Asia,2007
Zimbabwe,Arabica,2007/08,1860000.0,Africa,2007
Congo,Robusta,2007/08,180000.0,Africa,2007
Cuba,Arabica,2007/08,6600000.0,Central America,2007
Dominican Republic,Arabica/Robusta,2007/08,27900000.0,Central America,2007
Haiti,Arabica,2007/08,21540000.0,Central America,2007
Philippines,Robusta/Arabica,2007/08,26760000.0,Asia,2007
Tanzania,Arabica/Robusta,2007/08,48600000.0,Africa,2007
Zambia,Arabica,2007/08,3660000.0,Africa,2007
Cameroon,Robusta/Arabica,2007/08,47700000.0,Africa,2007
Central African Republic,Robusta,2007/08,2580000.0,Africa,2007
Colombia,Arabica,2007/08,750900000.0,South America,2007
Costa Rica,Arabica,2007/08,107820000.0,Central America,2007
Ivory Coast,Robusta,2007/08,80280000.0,Africa,2007
Congo,Robusta/Arabica,2007/08,24960000.0,Africa,2007
El Salvador,Arabica,2007/08,90300000.0,Central America,2007
Equatorial Guinea,Robusta,2007/08,0.0,Africa,2007
Ethiopia,Arabica,2007/08,358020000.0,Africa,2007
Gabon,Robusta,2007/08,60000.0,Africa,2007
Ghana,Robusta,2007/08,2100000.0,Africa,2007
Guatemala,Arabica/Robusta,2007/08,246000000.0,Central America,2007
Guinea,Robusta,2007/08,19380000.0,Africa,2007
Guyana,Robusta,2007/08,540000.0,South America,2007
Honduras,Arabica,2007/08,218400000.0,Central America,2007
India,Robusta/Arabica,2007/08,262020000.0,Asia,2007
Jamaica,Arabica,2007/08,1200000.0,Central America,2007
Kenya,Arabica,2007/08,39120000.0,Africa,2007
Laos,Robusta,2007/08,23580000.0,Asia,2007
Liberia,Robusta,2007/08,420000.0,Africa,2007
Mexico,Arabica/Robusta,2007/08,249000000.0,North America,2007
Nepal,Arabica,2007/08,60000.0,Asia,2007
Nicaragua,Arabica,2007/08,114360000.0,Central America,2007
Nigeria,Robusta,2007/08,2520000.0,Africa,2007
Panama,Arabica,2007/08,10560000.0,Central America,2007
Sierra Leone,Robusta,2007/08,2400000.0,Africa,2007
Sri Lanka,Robusta/Arabica,2007/08,1980000.0,Asia,2007
Thailand,Robusta/Arabica,2007/08,39000000.0,Asia,2007
Togo,Robusta,2007/08,7500000.0,Africa,2007
Trinidad and Tobago,Robusta,2007/08,720000.0,Central America,2007
Uganda,Robusta/Arabica,2007/08,209400000.0,Africa,2007
Venezuela,Arabica,2007/08,91200000.0,South America,2007
Vietnam,Robusta/Arabica,2007/08,984300000.0,Asia,2007
Yemen,Arabica,2007/08,11880000.0,Asia,2007
Angola,Robusta/Arabica,2008/09,2280000.0,Africa,2008
Bolivia,Arabica,2008/09,7200000.0,South America,2008
Brazil,Arabica/Robusta,2008/09,3089460000.0,South America,2008
Burundi,Arabica/Robusta,2008/09,24720000.0,Africa,2008
Ecuador,Arabica/Robusta,2008/09,46260000.0,South America,2008
Indonesia,Robusta/Arabica,2008/09,576720000.0,Asia,2008
Madagascar,Robusta,2008/09,43680000.0,Africa,2008
Malawi,Arabica,2008/09,1260000.0,Africa,2008
Papua New Guinea,Arabica/Robusta,2008/09,61680000.0,Oceania,2008
Paraguay,Arabica,2008/09,1200000.0,South America,2008
Peru,Arabica,2008/09,232320000.0,South America,2008
Rwanda,Arabica,2008/09,22140000.0,Africa,2008
East Timor,Arabica,2008/09,2880000.0,Asia,2008
Zimbabwe,Arabica,2008/09,1440000.0,Africa,2008
Congo,Robusta,2008/09,180000.0,Africa,2008
Cuba,Arabica,2008/09,7980000.0,Central America,2008
Dominican Republic,Arabica/Robusta,2008/09,38700000.0,Central America,2008
Haiti,Arabica,2008/09,21540000.0,Central America,2008
Philippines,Robusta/Arabica,2008/09,35220000.0,Asia,2008
Tanzania,Arabica/Robusta,2008/09,71160000.0,Africa,2008
Zambia,Arabica,2008/09,2100000.0,Africa,2008
Cameroon,Robusta/Arabica,2008/09,43500000.0,Africa,2008
Central African Republic,Robusta,2008/09,3600000.0,Africa,2008
Colombia,Arabica,2008/09,519840000.0,South America,2008
Costa Rica,Arabica,2008/09,90000000.0,Central America,2008
Ivory Coast,Robusta,2008/09,151560000.0,Africa,2008
Congo,Robusta/Arabica,2008/09,25320000.0,Africa,2008
El Salvador,Arabica,2008/09,87000000.0,Central America,2008
Equatorial Guinea,Robusta,2008/09,0.0,Africa,2008
Ethiopia,Arabica,2008/09,296940000.0,Africa,2008
Gabon,Robusta,2008/09,120000.0,Africa,2008
Ghana,Robusta,2008/09,1560000.0,Africa,2008
Guatemala,Arabica/Robusta,2008/09,227100000.0,Central America,2008
Guinea,Robusta,2008/09,30300000.0,Africa,2008
Guyana,Robusta,2008/09,600000.0,South America,2008
Honduras,Arabica,2008/09,207000000.0,Central America,2008
India,Robusta/Arabica,2008/09,244320000.0,Asia,2008
Jamaica,Arabica,2008/09,1920000.0,Central America,2008
Kenya,Arabica,2008/09,32460000.0,Africa,2008
Laos,Robusta,2008/09,24360000.0,Asia,2008
Liberia,Robusta,2008/09,720000.0,Africa,2008
Mexico,Arabica/Robusta,2008/09,279060000.0,North America,2008
Nepal,Arabica,2008/09,60000.0,Asia,2008
Nicaragua,Arabica,2008/09,86700000.0,Central America,2008
Nigeria,Robusta,2008/09,3000000.0,Africa,2008
Panama,Arabica,2008/09,8940000.0,Central America,2008
Sierra Leone,Robusta,2008/09,5160000.0,Africa,2008
Sri Lanka,Robusta/Arabica,2008/09,1860000.0,Asia,2008
Thailand,Robusta/Arabica,2008/09,40500000.0,Asia,2008
Togo,Robusta,2008/09,8280000.0,Africa,2008
Trinidad and Tobago,Robusta,2008/09,660000.0,Central America,2008
Uganda,Robusta/Arabica,2008/09,200100000.0,Africa,2008
Venezuela,Arabica,2008/09,55920000.0,South America,2008
Vietnam,Robusta/Arabica,2008/09,1106280000.0,Asia,2008
Yemen,Arabica,2008/09,13200000.0,Asia,2008
Angola,Robusta/Arabica,2009/10,780000.0,Africa,2009
Bolivia,Arabica,2009/10,7680000.0,South America,2009
Brazil,Arabica/Robusta,2009/10,2638620000.0,South America,2009
Burundi,Arabica/Robusta,2009/10,6720000.0,Africa,2009
Ecuador,Arabica/Robusta,2009/10,48780000.0,South America,2009
Indonesia,Robusta/Arabica,2009/10,682800000.0,Asia,2009
Madagascar,Robusta,2009/10,27420000.0,Africa,2009
Malawi,Arabica,2009/10,1020000.0,Africa,2009
Papua New Guinea,Arabica/Robusta,2009/10,62280000.0,Oceania,2009
Paraguay,Arabica,2009/10,1200000.0,South America,2009
Peru,Arabica,2009/10,197160000.0,South America,2009
Rwanda,Arabica,2009/10,15540000.0,Africa,2009
East Timor,Arabica,2009/10,2820000.0,Asia,2009
Zimbabwe,Arabica,2009/10,1260000.0,Africa,2009
Congo,Robusta,2009/10,180000.0,Africa,2009
Cuba,Arabica,2009/10,5520000.0,Central America,2009
Dominican Republic,Arabica/Robusta,2009/10,21120000.0,Central America,2009
Haiti,Arabica,2009/10,21060000.0,Central America,2009
Philippines,Robusta/Arabica,2009/10,43800000.0,Asia,2009
Tanzania,Arabica/Robusta,2009/10,40500000.0,Africa,2009
Zambia,Arabica,2009/10,1680000.0,Africa,2009
Cameroon,Robusta/Arabica,2009/10,54120000.0,Africa,2009
Central African Republic,Robusta,2009/10,6720000.0,Africa,2009
Colombia,Arabica,2009/10,485880000.0,South America,2009
Costa Rica,Arabica,2009/10,88620000.0,Central America,2009
Ivory Coast,Robusta,2009/10,119340000.0,Africa,2009
Congo,Robusta/Arabica,2009/10,20760000.0,Africa,2009
El Salvador,Arabica,2009/10,64500000.0,Central America,2009
Equatorial Guinea,Robusta,2009/10,0.0,Africa,2009
Ethiopia,Arabica,2009/10,409800000.0,Africa,2009
Gabon,Robusta,2009/10,0.0,Africa,2009
Ghana,Robusta,2009/10,1140000.0,Africa,2009
Guatemala,Arabica/Robusta,2009/10,230100000.0,Central America,2009
Guinea,Robusta,2009/10,29940000.0,Africa,2009
Guyana,Robusta,2009/10,540000.0,South America,2009
Honduras,Arabica,2009/10,216180000.0,Central America,2009
India,Robusta/Arabica,2009/10,289620000.0,Asia,2009
Jamaica,Arabica,2009/10,1500000.0,Central America,2009
Kenya,Arabica,2009/10,37800000.0,Africa,2009
Laos,Robusta,2009/10,26040000.0,Asia,2009
Liberia,Robusta,2009/10,780000.0,Africa,2009
Mexico,Arabica/Robusta,2009/10,246540000.0,North America,2009
Nepal,Arabica,2009/10,60000.0,Asia,2009
Nicaragua,Arabica,2009/10,112260000.0,Central America,2009
Nigeria,Robusta,2009/10,2040000.0,Africa,2009
Panama,Arabica,2009/10,8280000.0,Central America,2009
Sierra Leone,Robusta,2009/10,5460000.0,Africa,2009
Sri Lanka,Robusta/Arabica,2009/10,1920000.0,Asia,2009
Thailand,Robusta/Arabica,2009/10,47700000.0,Asia,2009
Togo,Robusta,2009/10,12120000.0,Africa,2009
Trinidad and Tobago,Robusta,2009/10,660000.0,Central America,2009
Uganda,Robusta/Arabica,2009/10,173640000.0,Africa,2009
Venezuela,Arabica,2009/10,72840000.0,South America,2009
Vietnam,Robusta/Arabica,2009/10,1069500000.0,Asia,2009
Yemen,Arabica,2009/10,8100000.0,Asia,2009
Angola,Robusta/Arabica,2010/11,2100000.0,Africa,2010
Bolivia,Arabica,2010/11,7020000.0,South America,2010
Brazil,Arabica/Robusta,2010/11,3325680000.0,South America,2010
Burundi,Arabica/Robusta,2010/11,21180000.0,Africa,2010
Ecuador,Arabica/Robusta,2010/11,51240000.0,South America,2010
Indonesia,Robusta/Arabica,2010/11,547740000.0,Asia,2010
Madagascar,Robusta,2010/11,31800000.0,Africa,2010
Malawi,Arabica,2010/11,1020000.0,Africa,2010
Papua New Guinea,Arabica/Robusta,2010/11,52020000.0,Oceania,2010
Paraguay,Arabica,2010/11,1200000.0,South America,2010
Peru,Arabica,2010/11,244140000.0,South America,2010
Rwanda,Arabica,2010/11,19380000.0,Africa,2010
East Timor,Arabica,2010/11,3600000.0,Asia,2010
Zimbabwe,Arabica,2010/11,600000.0,Africa,2010
Congo,Robusta,2010/11,180000.0,Africa,2010
Cuba,Arabica,2010/11,6480000.0,Central America,2010
Dominican Republic,Arabica/Robusta,2010/11,22680000.0,Central America,2010
Haiti,Arabica,2010/11,21000000.0,Central America,2010
Philippines,Robusta/Arabica,2010/11,11340000.0,Asia,2010
Tanzania,Arabica/Robusta,2010/11,50760000.0,Africa,2010
Zambia,Arabica,2010/11,780000.0,Africa,2010
Cameroon,Robusta/Arabica,2010/11,31620000.0,Africa,2010
Central African Republic,Robusta,2010/11,4680000.0,Africa,2010
Colombia,Arabica,2010/11,511380000.0,South America,2010
Costa Rica,Arabica,2010/11,96840000.0,Central America,2010
Ivory Coast,Robusta,2010/11,50220000.0,Africa,2010
Congo,Robusta/Arabica,2010/11,18300000.0,Africa,2010
El Salvador,Arabica,2010/11,112380000.0,Central America,2010
Equatorial Guinea,Robusta,2010/11,0.0,Africa,2010
Ethiopia,Arabica,2010/11,333600000.0,Africa,2010
Gabon,Robusta,2010/11,120000.0,Africa,2010
Ghana,Robusta,2010/11,4140000.0,Africa,2010
Guatemala,Arabica/Robusta,2010/11,237000000.0,Central America,2010
Guinea,Robusta,2010/11,23160000.0,Africa,2010
Guyana,Robusta,2010/11,540000.0,South America,2010
Honduras,Arabica,2010/11,259860000.0,Central America,2010
India,Robusta/Arabica,2010/11,336000000.0,Asia,2010
Jamaica,Arabica,2010/11,1260000.0,Central America,2010
Kenya,Arabica,2010/11,38460000.0,Africa,2010
Laos,Robusta,2010/11,32640000.0,Asia,2010
Liberia,Robusta,2010/11,600000.0,Africa,2010
Mexico,Arabica/Robusta,2010/11,240060000.0,North America,2010
Nepal,Arabica,2010/11,180000.0,Asia,2010
Nicaragua,Arabica,2010/11,98280000.0,Central America,2010
Nigeria,Robusta,2010/11,2520000.0,Africa,2010
Panama,Arabica,2010/11,6840000.0,Central America,2010
Sierra Leone,Robusta,2010/11,1980000.0,Africa,2010
Sri Lanka,Robusta/Arabica,2010/11,2220000.0,Asia,2010
Thailand,Robusta/Arabica,2010/11,49680000.0,Asia,2010
Togo,Robusta,2010/11,9600000.0,Africa,2010
Trinidad and Tobago,Robusta,2010/11,600000.0,Central America,2010
Uganda,Robusta/Arabica,2010/11,196020000.0,Africa,2010
Venezuela,Arabica,2010/11,72120000.0,South America,2010
Vietnam,Robusta/Arabica,2010/11,1200000000.0,Asia,2010
Yemen,Arabica,2010/11,9660000.0,Asia,2010
Angola,Robusta/Arabica,2011/12,1740000.0,Africa,2011
Bolivia,Arabica,2011/12,7920000.0,South America,2011
Brazil,Arabica/Robusta,2011/12,2915520000.0,South America,2011
Burundi,Arabica/Robusta,2011/12,12240000.0,Africa,2011
Ecuador,Arabica/Robusta,2011/12,49500000.0,South America,2011
Indonesia,Robusta/Arabica,2011/12,413340000.0,Asia,2011
Madagascar,Robusta,2011/12,35100000.0,Africa,2011
Malawi,Arabica,2011/12,1560000.0,Africa,2011
Papua New Guinea,Arabica/Robusta,2011/12,84840000.0,Oceania,2011
Paraguay,Arabica,2011/12,1200000.0,South America,2011
Peru,Arabica,2011/12,322380000.0,South America,2011
Rwanda,Arabica,2011/12,15060000.0,Africa,2011
East Timor,Arabica,2011/12,2820000.0,Asia,2011
Zimbabwe,Arabica,2011/12,540000.0,Africa,2011
Congo,Robusta,2011/12,180000.0,Africa,2011
Cuba,Arabica,2011/12,6000000.0,Central America,2011
Dominican Republic,Arabica/Robusta,2011/12,29460000.0,Central America,2011
Haiti,Arabica,2011/12,20940000.0,Central America,2011
Philippines,Robusta/Arabica,2011/12,10800000.0,Asia,2011
Tanzania,Arabica/Robusta,2011/12,38460000.0,Africa,2011
Zambia,Arabica,2011/12,660000.0,Africa,2011
Cameroon,Robusta/Arabica,2011/12,40140000.0,Africa,2011
Central African Republic,Robusta,2011/12,5460000.0,Africa,2011
Colombia,Arabica,2011/12,459180000.0,South America,2011
Costa Rica,Arabica,2011/12,109860000.0,Central America,2011
Ivory Coast,Robusta,2011/12,132960000.0,Africa,2011
Congo,Robusta/Arabica,2011/12,21420000.0,Africa,2011
El Salvador,Arabica,2011/12,69840000.0,Central America,2011
Equatorial Guinea,Robusta,2011/12,0.0,Africa,2011
Ethiopia,Arabica,2011/12,339000000.0,Africa,2011
Gabon,Robusta,2011/12,60000.0,Africa,2011
Ghana,Robusta,2011/12,1800000.0,Africa,2011
Guatemala,Arabica/Robusta,2011/12,231000000.0,Central America,2011
Guinea,Robusta,2011/12,23160000.0,Africa,2011
Guyana,Robusta,2011/12,600000.0,South America,2011
Honduras,Arabica,2011/12,352920000.0,Central America,2011
India,Robusta/Arabica,2011/12,320040000.0,Asia,2011
Jamaica,Arabica,2011/12,1440000.0,Central America,2011
Kenya,Arabica,2011/12,45420000.0,Africa,2011
Laos,Robusta,2011/12,30840000.0,Asia,2011
Liberia,Robusta,2011/12,600000.0,Africa,2011
Mexico,Arabica/Robusta,2011/12,273660000.0,North America,2011
Nepal,Arabica,2011/12,120000.0,Asia,2011
Nicaragua,Arabica,2011/12,131580000.0,Central America,2011
Nigeria,Robusta,2011/12,2820000.0,Africa,2011
Panama,Arabica,2011/12,6360000.0,Central America,2011
Sierra Leone,Robusta,2011/12,4680000.0,Africa,2011
Sri Lanka,Robusta/Arabica,2011/12,2160000.0,Asia,2011
Thailand,Robusta/Arabica,2011/12,49860000.0,Asia,2011
Togo,Robusta,2011/12,9600000.0,Africa,2011
Trinidad and Tobago,Robusta,2011/12,660000.0,Central America,2011
Uganda,Robusta/Arabica,2011/12,186900000.0,Africa,2011
Venezuela,Arabica,2011/12,54120000.0,South America,2011
Vietnam,Robusta/Arabica,2011/12,1590000000.0,Asia,2011
Yemen,Arabica,2011/12,11100000.0,Asia,2011
Angola,Robusta/Arabica,2012/13,1980000.0,Africa,2012
Bolivia,Arabica,2012/13,6300000.0,South America,2012
Brazil,Arabica/Robusta,2012/13,3325080000.0,South America,2012
Burundi,Arabica/Robusta,2012/13,24360000.0,Africa,2012
Ecuador,Arabica/Robusta,2012/13,49680000.0,South America,2012
Indonesia,Robusta/Arabica,2012/13,784200000.0,Asia,2012
Madagascar,Robusta,2012/13,30000000.0,Africa,2012
Malawi,Arabica,2012/13,1380000.0,Africa,2012
Papua New Guinea,Arabica/Robusta,2012/13,42960000.0,Oceania,2012
Paraguay,Arabica,2012/13,1200000.0,South America,2012
Peru,Arabica,2012/13,267000000.0,South America,2012
Rwanda,Arabica,2012/13,15540000.0,Africa,2012
East Timor,Arabica,2012/13,3660000.0,Asia,2012
Zimbabwe,Arabica,2012/13,420000.0,Africa,2012
Congo,Robusta,2012/13,180000.0,Africa,2012
Cuba,Arabica,2012/13,5280000.0,Central America,2012
Dominican Republic,Arabica/Robusta,2012/13,29280000.0,Central America,2012
Haiti,Arabica,2012/13,21000000.0,Central America,2012
Philippines,Robusta/Arabica,2012/13,10620000.0,Asia,2012
Tanzania,Arabica/Robusta,2012/13,69060000.0,Africa,2012
Zambia,Arabica,2012/13,300000.0,Africa,2012
Cameroon,Robusta/Arabica,2012/13,22260000.0,Africa,2012
Central African Republic,Robusta,2012/13,1380000.0,Africa,2012
Colombia,Arabica,2012/13,595620000.0,South America,2012
Costa Rica,Arabica,2012/13,109380000.0,Central America,2012
Ivory Coast,Robusta,2012/13,119640000.0,Africa,2012
Congo,Robusta/Arabica,2012/13,20040000.0,Africa,2012
El Salvador,Arabica,2012/13,74400000.0,Central America,2012
Equatorial Guinea,Robusta,2012/13,0.0,Africa,2012
Ethiopia,Arabica,2012/13,367920000.0,Africa,2012
Gabon,Robusta,2012/13,60000.0,Africa,2012
Ghana,Robusta,2012/13,1260000.0,Africa,2012
Guatemala,Arabica/Robusta,2012/13,225780000.0,Central America,2012
Guinea,Robusta,2012/13,14040000.0,Africa,2012
Guyana,Robusta,2012/13,600000.0,South America,2012
Honduras,Arabica,2012/13,281160000.0,Central America,2012
India,Robusta/Arabica,2012/13,324180000.0,Asia,2012
Jamaica,Arabica,2012/13,1440000.0,Central America,2012
Kenya,Arabica,2012/13,52500000.0,Africa,2012
Laos,Robusta,2012/13,32460000.0,Asia,2012
Liberia,Robusta,2012/13,600000.0,Africa,2012
Mexico,Arabica/Robusta,2012/13,259620000.0,North America,2012
Nepal,Arabica,2012/13,60000.0,Asia,2012
Nicaragua,Arabica,2012/13,112380000.0,Central America,2012
Nigeria,Robusta,2012/13,2460000.0,Africa,2012
Panama,Arabica,2012/13,6960000.0,Central America,2012
Sierra Leone,Robusta,2012/13,3660000.0,Africa,2012
Sri Lanka,Robusta/Arabica,2012/13,2100000.0,Asia,2012
Thailand,Robusta/Arabica,2012/13,36480000.0,Asia,2012
Togo,Robusta,2012/13,5040000.0,Africa,2012
Trinidad and Tobago,Robusta,2012/13,720000.0,Central America,2012
Uganda,Robusta/Arabica,2012/13,234840000.0,Africa,2012
Venezuela,Arabica,2012/13,57120000.0,South America,2012
Vietnam,Robusta/Arabica,2012/13,1404120000.0,Asia,2012
Yemen,Arabica,2012/13,11280000.0,Asia,2012
Angola,Robusta/Arabica,2013/14,2100000.0,Africa,2013
Bolivia,Arabica,2013/14,7200000.0,South America,2013
Brazil,Arabica/Robusta,2013/14,3281340000.0,South America,2013
Burundi,Arabica/Robusta,2013/14,9780000.0,Africa,2013
Ecuador,Arabica/Robusta,2013/14,39960000.0,South America,2013
Indonesia,Robusta/Arabica,2013/14,774060000.0,Asia,2013
Madagascar,Robusta,2013/14,35040000.0,Africa,2013
Malawi,Arabica,2013/14,1680000.0,Africa,2013
Papua New Guinea,Arabica/Robusta,2013/14,50100000.0,Oceania,2013
Paraguay,Arabica,2013/14,1200000.0,South America,2013
Peru,Arabica,2013/14,246360000.0,South America,2013
Rwanda,Arabica,2013/14,15480000.0,Africa,2013
East Timor,Arabica,2013/14,4800000.0,Asia,2013
Zimbabwe,Arabica,2013/14,540000.0,Africa,2013
Congo,Robusta,2013/14,180000.0,Africa,2013
Cuba,Arabica,2013/14,6420000.0,Central America,2013
Dominican Republic,Arabica/Robusta,2013/14,25500000.0,Central America,2013
Haiti,Arabica,2013/14,20700000.0,Central America,2013
Philippines,Robusta/Arabica,2013/14,11160000.0,Asia,2013
Tanzania,Arabica/Robusta,2013/14,48660000.0,Africa,2013
Zambia,Arabica,2013/14,660000.0,Africa,2013
Cameroon,Robusta/Arabica,2013/14,24240000.0,Africa,2013
Central African Republic,Robusta,2013/14,5400000.0,Africa,2013
Colombia,Arabica,2013/14,727440000.0,South America,2013
Costa Rica,Arabica,2013/14,93120000.0,Central America,2013
Ivory Coast,Robusta,2013/14,155880000.0,Africa,2013
Congo,Robusta/Arabica,2013/14,20820000.0,Africa,2013
El Salvador,Arabica,2013/14,30900000.0,Central America,2013
Equatorial Guinea,Robusta,2013/14,0.0,Africa,2013
Ethiopia,Arabica,2013/14,374520000.0,Africa,2013
Gabon,Robusta,2013/14,0.0,Africa,2013
Ghana,Robusta,2013/14,1500000.0,Africa,2013
Guatemala,Arabica/Robusta,2013/14,191340000.0,Central America,2013
Guinea,Robusta,2013/14,6060000.0,Africa,2013
Guyana,Robusta,2013/14,780000.0,South America,2013
Honduras,Arabica,2013/14,274980000.0,Central America,2013
India,Robusta/Arabica,2013/14,304500000.0,Asia,2013
Jamaica,Arabica,2013/14,1200000.0,Central America,2013
Kenya,Arabica,2013/14,50580000.0,Africa,2013
Laos,Robusta,2013/14,32640000.0,Asia,2013
Liberia,Robusta,2013/14,360000.0,Africa,2013
Mexico,Arabica/Robusta,2013/14,234960000.0,North America,2013
Nepal,Arabica,2013/14,60000.0,Asia,2013
Nicaragua,Arabica,2013/14,123600000.0,Central America,2013
Nigeria,Robusta,2013/14,2460000.0,Africa,2013
Panama,Arabica,2013/14,6780000.0,Central America,2013
Sierra Leone,Robusta,2013/14,1920000.0,Africa,2013
Sri Lanka,Robusta/Arabica,2013/14,2220000.0,Asia,2013
Thailand,Robusta/Arabica,2013/14,38280000.0,Asia,2013
Togo,Robusta,2013/14,10320000.0,Africa,2013
Trinidad and Tobago,Robusta,2013/14,720000.0,Central America,2013
Uganda,Robusta/Arabica,2013/14,217980000.0,Africa,2013
Venezuela,Arabica,2013/14,48240000.0,South America,2013
Vietnam,Robusta/Arabica,2013/14,1656600000.0,Asia,2013
Yemen,Arabica,2013/14,11220000.0,Asia,2013
Angola,Robusta/Arabica,2014/15,2340000.0,Africa,2014
Bolivia,Arabica,2014/15,6000000.0,South America,2014
Brazil,Arabica/Robusta,2014/15,3198300000.0,South America,2014
Burundi,Arabica/Robusta,2014/15,14880000.0,Africa,2014
Ecuador,Arabica/Robusta,2014/15,38640000.0,South America,2014
Indonesia,Robusta/Arabica,2014/15,656760000.0,Asia,2014
Madagascar,Robusta,2014/15,30060000.0,Africa,2014
Malawi,Arabica,2014/15,1500000.0,Africa,2014
Papua New Guinea,Arabica/Robusta,2014/15,47880000.0,Oceania,2014
Paraguay,Arabica,2014/15,1200000.0,South America,2014
Peru,Arabica,2014/15,172980000.0,South America,2014
Rwanda,Arabica,2014/15,14280000.0,Africa,2014
East Timor,Arabica,2014/15,6660000.0,Asia,2014
Zimbabwe,Arabica,2014/15,900000.0,Africa,2014
Congo,Robusta,2014/15,180000.0,Africa,2014
Cuba,Arabica,2014/15,6060000.0,Central America,2014
Dominican Republic,Arabica/Robusta,2014/15,23820000.0,Central America,2014
Haiti,Arabica,2014/15,20580000.0,Central America,2014
Philippines,Robusta/Arabica,2014/15,11580000.0,Asia,2014
Tanzania,Arabica/Robusta,2014/15,45180000.0,Africa,2014
Zambia,Arabica,2014/15,180000.0,Africa,2014
Cameroon,Robusta/Arabica,2014/15,28980000.0,Africa,2014
Central African Republic,Robusta,2014/15,3780000.0,Africa,2014
Colombia,Arabica,2014/15,799980000.0,South America,2014
Costa Rica,Arabica,2014/15,88500000.0,Central America,2014
Ivory Coast,Robusta,2014/15,103680000.0,Africa,2014
Congo,Robusta/Arabica,2014/15,20100000.0,Africa,2014
El Salvador,Arabica,2014/15,39900000.0,Central America,2014
Equatorial Guinea,Robusta,2014/15,0.0,Africa,2014
Ethiopia,Arabica,2014/15,382980000.0,Africa,2014
Gabon,Robusta,2014/15,60000.0,Africa,2014
Ghana,Robusta,2014/15,2100000.0,Africa,2014
Guatemala,Arabica/Robusta,2014/15,198600000.0,Central America,2014
Guinea,Robusta,2014/15,9900000.0,Africa,2014
Guyana,Robusta,2014/15,540000.0,South America,2014
Honduras,Arabica,2014/15,316080000.0,Central America,2014
India,Robusta/Arabica,2014/15,327000000.0,Asia,2014
Jamaica,Arabica,2014/15,1260000.0,Central America,2014
Kenya,Arabica,2014/15,46200000.0,Africa,2014
Laos,Robusta,2014/15,33120000.0,Asia,2014
Liberia,Robusta,2014/15,420000.0,Africa,2014
Mexico,Arabica/Robusta,2014/15,218160000.0,North America,2014
Nepal,Arabica,2014/15,120000.0,Asia,2014
Nicaragua,Arabica,2014/15,113880000.0,Central America,2014
Nigeria,Robusta,2014/15,2580000.0,Africa,2014
Panama,Arabica,2014/15,6360000.0,Central America,2014
Sierra Leone,Robusta,2014/15,2760000.0,Africa,2014
Sri Lanka,Robusta/Arabica,2014/15,2160000.0,Asia,2014
Thailand,Robusta/Arabica,2014/15,50700000.0,Asia,2014
Togo,Robusta,2014/15,8580000.0,Africa,2014
Trinidad and Tobago,Robusta,2014/15,720000.0,Central America,2014
Uganda,Robusta/Arabica,2014/15,224640000.0,Africa,2014
Venezuela,Arabica,2014/15,39000000.0,South America,2014
Vietnam,Robusta/Arabica,2014/15,1634460000.0,Asia,2014
Yemen,Arabica,2014/15,10680000.0,Asia,2014
Angola,Robusta/Arabica,2015/16,2460000.0,Africa,2015
Bolivia,Arabica,2015/16,5040000.0,South America,2015
Brazil,Arabica/Robusta,2015/16,3172260000.0,South America,2015
Burundi,Arabica/Robusta,2015/16,16140000.0,Africa,2015
Ecuador,Arabica/Robusta,2015/16,38640000.0,South America,2015
Indonesia,Robusta/Arabica,2015/16,755100000.0,Asia,2015
Madagascar,Robusta,2015/16,24840000.0,Africa,2015
Malawi,Arabica,2015/16,1260000.0,Africa,2015
Papua New Guinea,Arabica/Robusta,2015/16,42720000.0,Oceania,2015
Paraguay,Arabica,2015/16,1200000.0,South America,2015
Peru,Arabica,2015/16,198240000.0,South America,2015
Rwanda,Arabica,2015/16,17580000.0,Africa,2015
East Timor,Arabica,2015/16,3540000.0,Asia,2015
Zimbabwe,Arabica,2015/16,840000.0,Africa,2015
Congo,Robusta,2015/16,180000.0,Africa,2015
Cuba,Arabica,2015/16,6000000.0,Central America,2015
Dominican Republic,Arabica/Robusta,2015/16,24000000.0,Central America,2015
Haiti,Arabica,2015/16,20460000.0,Central America,2015
Philippines,Robusta/Arabica,2015/16,12480000.0,Asia,2015
Tanzania,Arabica/Robusta,2015/16,55800000.0,Africa,2015
Zambia,Arabica,2015/16,240000.0,Africa,2015
Cameroon,Robusta/Arabica,2015/16,23460000.0,Africa,2015
Central African Republic,Robusta,2015/16,6000000.0,Africa,2015
Colombia,Arabica,2015/16,840540000.0,South America,2015
Costa Rica,Arabica,2015/16,86400000.0,Central America,2015
Ivory Coast,Robusta,2015/16,77340000.0,Africa,2015
Congo,Robusta/Arabica,2015/16,22260000.0,Africa,2015
El Salvador,Arabica,2015/16,33900000.0,Central America,2015
Equatorial Guinea,Robusta,2015/16,0.0,Africa,2015
Ethiopia,Arabica,2015/16,390900000.0,Africa,2015
Gabon,Robusta,2015/16,60000.0,Africa,2015
Ghana,Robusta,2015/16,2160000.0,Africa,2015
Guatemala,Arabica/Robusta,2015/16,204600000.0,Central America,2015
Guinea,Robusta,2015/16,17160000.0,Africa,2015
Guyana,Robusta,2015/16,660000.0,South America,2015
Honduras,Arabica,2015/16,347160000.0,Central America,2015
India,Robusta/Arabica,2015/16,349800000.0,Asia,2015
Jamaica,Arabica,2015/16,1200000.0,Central America,2015
Kenya,Arabica,2015/16,47940000.0,Africa,2015
Laos,Robusta,2015/16,32100000.0,Asia,2015
Liberia,Robusta,2015/16,600000.0,Africa,2015
Mexico,Arabica/Robusta,2015/16,166320000.0,North America,2015
Nepal,Arabica,2015/16,120000.0,Asia,2015
Nicaragua,Arabica,2015/16,127800000.0,Central America,2015
Nigeria,Robusta,2015/16,2460000.0,Africa,2015
Panama,Arabica,2015/16,7620000.0,Central America,2015
Sierra Leone,Robusta,2015/16,2760000.0,Africa,2015
Sri Lanka,Robusta/Arabica,2015/16,2160000.0,Asia,2015
Thailand,Robusta/Arabica,2015/16,45720000.0,Asia,2015
Togo,Robusta,2015/16,4860000.0,Africa,2015
Trinidad and Tobago,Robusta,2015/16,720000.0,Central America,2015
Uganda,Robusta/Arabica,2015/16,219000000.0,Africa,2015
Venezuela,Arabica,2015/16,30000000.0,South America,2015
Vietnam,Robusta/Arabica,2015/16,1865400000.0,Asia,2015
Yemen,Arabica,2015/16,9360000.0,Asia,2015
Angola,Robusta/Arabica,2016/17,2700000.0,Africa,2016
Bolivia,Arabica,2016/17,4680000.0,South America,2016
Brazil,Arabica/Robusta,2016/17,3407280000.0,South America,2016
Burundi,Arabica/Robusta,2016/17,11760000.0,Africa,2016
Ecuador,Arabica/Robusta,2016/17,38700000.0,South America,2016
Indonesia,Robusta/Arabica,2016/17,692460000.0,Asia,2016
Madagascar,Robusta,2016/17,27180000.0,Africa,2016
Malawi,Arabica,2016/17,1200000.0,Africa,2016
Papua New Guinea,Arabica/Robusta,2016/17,70260000.0,Oceania,2016
Paraguay,Arabica,2016/17,1200000.0,South America,2016
Peru,Arabica,2016/17,253380000.0,South America,2016
Rwanda,Arabica,2016/17,13860000.0,Africa,2016
East Timor,Arabica,2016/17,4920000.0,Asia,2016
Zimbabwe,Arabica,2016/17,900000.0,Africa,2016
Congo,Robusta,2016/17,180000.0,Africa,2016
Cuba,Arabica,2016/17,6180000.0,Central America,2016
Dominican Republic,Arabica/Robusta,2016/17,24720000.0,Central America,2016
Haiti,Arabica,2016/17,20520000.0,Central America,2016
Philippines,Robusta/Arabica,2016/17,12900000.0,Asia,2016
Tanzania,Arabica/Robusta,2016/17,50760000.0,Africa,2016
Zambia,Arabica,2016/17,780000.0,Africa,2016
Cameroon,Robusta/Arabica,2016/17,17520000.0,Africa,2016
Central African Republic,Robusta,2016/17,2220000.0,Africa,2016
Colombia,Arabica,2016/17,878040000.0,South America,2016
Costa Rica,Arabica,2016/17,82320000.0,Central America,2016
Ivory Coast,Robusta,2016/17,67020000.0,Africa,2016
Congo,Robusta/Arabica,2016/17,16740000.0,Africa,2016
El Salvador,Arabica,2016/17,36600000.0,Central America,2016
Equatorial Guinea,Robusta,2016/17,0.0,Africa,2016
Ethiopia,Arabica,2016/17,428580000.0,Africa,2016
Gabon,Robusta,2016/17,0.0,Africa,2016
Ghana,Robusta,2016/17,1560000.0,Africa,2016
Guatemala,Arabica/Robusta,2016/17,221040000.0,Central America,2016
Guinea,Robusta,2016/17,16200000.0,Africa,2016
Guyana,Robusta,2016/17,600000.0,South America,2016
Honduras,Arabica,2016/17,447420000.0,Central America,2016
India,Robusta/Arabica,2016/17,369660000.0,Asia,2016
Jamaica,Arabica,2016/17,1080000.0,Central America,2016
Kenya,Arabica,2016/17,47580000.0,Africa,2016
Laos,Robusta,2016/17,30600000.0,Asia,2016
Liberia,Robusta,2016/17,720000.0,Africa,2016
Mexico,Arabica/Robusta,2016/17,218100000.0,North America,2016
Nepal,Arabica,2016/17,60000.0,Asia,2016
Nicaragua,Arabica,2016/17,153300000.0,Central America,2016
Nigeria,Robusta,2016/17,2580000.0,Africa,2016
Panama,Arabica,2016/17,7200000.0,Central America,2016
Sierra Leone,Robusta,2016/17,2280000.0,Africa,2016
Sri Lanka,Robusta/Arabica,2016/17,2220000.0,Asia,2016
Thailand,Robusta/Arabica,2016/17,32280000.0,Asia,2016
Togo,Robusta,2016/17,1380000.0,Africa,2016
Trinidad and Tobago,Robusta,2016/17,720000.0,Central America,2016
Uganda,Robusta/Arabica,2016/17,297720000.0,Africa,2016
Venezuela,Arabica,2016/17,31500000.0,South America,2016
Vietnam,Robusta/Arabica,2016/17,1669140000.0,Asia,2016
Yemen,Arabica,2016/17,8580000.0,Asia,2016
Angola,Robusta/Arabica,2017/18,2100000.0,Africa,2017
Bolivia,Arabica,2017/18,5040000.0,South America,2017
Brazil,Arabica/Robusta,2017/18,3164400000.0,South America,2017
Burundi,Arabica/Robusta,2017/18,12120000.0,Africa,2017
Ecuador,Arabica/Robusta,2017/18,37440000.0,South America,2017
Indonesia,Robusta/Arabica,2017/18,651120000.0,Asia,2017
Madagascar,Robusta,2017/18,24240000.0,Africa,2017
Malawi,Arabica,2017/18,840000.0,Africa,2017
Papua New Guinea,Arabica/Robusta,2017/18,44040000.0,Oceania,2017
Paraguay,Arabica,2017/18,1200000.0,South America,2017
Peru,Arabica,2017/18,256740000.0,South America,2017
Rwanda,Arabica,2017/18,15840000.0,Africa,2017
East Timor,Arabica,2017/18,3900000.0,Asia,2017
Zimbabwe,Arabica,2017/18,420000.0,Africa,2017
Congo,Robusta,2017/18,180000.0,Africa,2017
Cuba,Arabica,2017/18,6780000.0,Central America,2017
Dominican Republic,Arabica/Robusta,2017/18,24720000.0,Central America,2017
Haiti,Arabica,2017/18,20520000.0,Central America,2017
Philippines,Robusta/Arabica,2017/18,12180000.0,Asia,2017
Tanzania,Arabica/Robusta,2017/18,46980000.0,Africa,2017
Zambia,Arabica,2017/18,1140000.0,Africa,2017
Cameroon,Robusta/Arabica,2017/18,22200000.0,Africa,2017
Central African Republic,Robusta,2017/18,3600000.0,Africa,2017
Colombia,Arabica,2017/18,829440000.0,South America,2017
Costa Rica,Arabica,2017/18,93660000.0,Central America,2017
Ivory Coast,Robusta,2017/18,97440000.0,Africa,2017
Congo,Robusta/Arabica,2017/18,22920000.0,Africa,2017
El Salvador,Arabica,2017/18,45600000.0,Central America,2017
Equatorial Guinea,Robusta,2017/18,0.0,Africa,2017
Ethiopia,Arabica,2017/18,440820000.0,Africa,2017
Gabon,Robusta,2017/18,0.0,Africa,2017
Ghana,Robusta,2017/18,780000.0,Africa,2017
Guatemala,Arabica/Robusta,2017/18,224040000.0,Central America,2017
Guinea,Robusta,2017/18,13740000.0,Africa,2017
Guyana,Robusta,2017/18,600000.0,South America,2017
Honduras,Arabica,2017/18,453600000.0,Central America,2017
India,Robusta/Arabica,2017/18,348780000.0,Asia,2017
Jamaica,Arabica,2017/18,1140000.0,Central America,2017
Kenya,Arabica,2017/18,47400000.0,Africa,2017
Laos,Robusta,2017/18,31980000.0,Asia,2017
Liberia,Robusta,2017/18,960000.0,Africa,2017
Mexico,Arabica/Robusta,2017/18,269100000.0,North America,2017
Nepal,Arabica,2017/18,120000.0,Asia,2017
Nicaragua,Arabica,2017/18,158520000.0,Central America,2017
Nigeria,Robusta,2017/18,2520000.0,Africa,2017
Panama,Arabica,2017/18,6300000.0,Central America,2017
Sierra Leone,Robusta,2017/18,2280000.0,Africa,2017
Sri Lanka,Robusta/Arabica,2017/18,2220000.0,Asia,2017
Thailand,Robusta/Arabica,2017/18,38280000.0,Asia,2017
Togo,Robusta,2017/18,6900000.0,Africa,2017
Trinidad and Tobago,Robusta,2017/18,720000.0,Central America,2017
Uganda,Robusta/Arabica,2017/18,275820000.0,Africa,2017
Venezuela,Arabica,2017/18,34320000.0,South America,2017
Vietnam,Robusta/Arabica,2017/18,2005920000.0,Asia,2017
Yemen,Arabica,2017/18,7920000.0,Asia,2017
Angola,Robusta/Arabica,2018/19,2520000.0,Africa,2018
Bolivia,Arabica,2018/19,4980000.0,South America,2018
Brazil,Arabica/Robusta,2018/19,3907860000.0,South America,2018
Burundi,Arabica/Robusta,2018/19,12240000.0,Africa,2018
Ecuador,Arabica/Robusta,2018/19,29760000.0,South America,2018
Indonesia,Robusta/Arabica,2018/19,577080000.0,Asia,2018
Madagascar,Robusta,2018/19,22740000.0,Africa,2018
Malawi,Arabica,2018/19,780000.0,Africa,2018
Papua New Guinea,Arabica/Robusta,2018/19,55800000.0,Oceania,2018
Paraguay,Arabica,2018/19,1200000.0,South America,2018
Peru,Arabica,2018/19,255780000.0,South America,2018
Rwanda,Arabica,2018/19,22800000.0,Africa,2018
East Timor,Arabica,2018/19,8340000.0,Asia,2018
Zimbabwe,Arabica,2018/19,600000.0,Africa,2018
Congo,Robusta,2018/19,180000.0,Africa,2018
Cuba,Arabica,2018/19,7680000.0,Central America,2018
Dominican Republic,Arabica/Robusta,2018/19,25860000.0,Central America,2018
Haiti,Arabica,2018/19,20820000.0,Central America,2018
Philippines,Robusta/Arabica,2018/19,12360000.0,Asia,2018
Tanzania,Arabica/Robusta,2018/19,70500000.0,Africa,2018
Zambia,Arabica,2018/19,2040000.0,Africa,2018
Cameroon,Robusta/Arabica,2018/19,18600000.0,Africa,2018
Central African Republic,Robusta,2018/19,2220000.0,Africa,2018
Colombia,Arabica,2018/19,831960000.0,South America,2018
Costa Rica,Arabica,2018/19,85620000.0,Central America,2018
Ivory Coast,Robusta,2018/19,130500000.0,Africa,2018
Congo,Robusta/Arabica,2018/19,23820000.0,Africa,2018
El Salvador,Arabica,2018/19,45660000.0,Central America,2018
Equatorial Guinea,Robusta,2018/19,0.0,Africa,2018
Ethiopia,Arabica,2018/19,450660000.0,Africa,2018
Gabon,Robusta,2018/19,60000.0,Africa,2018
Ghana,Robusta,2018/19,900000.0,Africa,2018
Guatemala,Arabica/Robusta,2018/19,240420000.0,Central America,2018
Guinea,Robusta,2018/19,9180000.0,Africa,2018
Guyana,Robusta,2018/19,600000.0,South America,2018
Honduras,Arabica,2018/19,429180000.0,Central America,2018
India,Robusta/Arabica,2018/19,319500000.0,Asia,2018
Jamaica,Arabica,2018/19,1080000.0,Central America,2018
Kenya,Arabica,2018/19,55800000.0,Africa,2018
Laos,Robusta,2018/19,38820000.0,Asia,2018
Liberia,Robusta,2018/19,360000.0,Africa,2018
Mexico,Arabica/Robusta,2018/19,261060000.0,North America,2018
Nepal,Arabica,2018/19,60000.0,Asia,2018
Nicaragua,Arabica,2018/19,172740000.0,Central America,2018
Nigeria,Robusta,2018/19,2520000.0,Africa,2018
Panama,Arabica,2018/19,7680000.0,Central America,2018
Sierra Leone,Robusta,2018/19,2700000.0,Africa,2018
Sri Lanka,Robusta/Arabica,2018/19,2160000.0,Asia,2018
Thailand,Robusta/Arabica,2018/19,28920000.0,Asia,2018
Togo,Robusta,2018/19,3240000.0,Africa,2018
Trinidad and Tobago,Robusta,2018/19,780000.0,Central America,2018
Uganda,Robusta/Arabica,2018/19,282240000.0,Africa,2018
Venezuela,Arabica,2018/19,34680000.0,South America,2018
Vietnam,Robusta/Arabica,2018/19,1816980000.0,Asia,2018
Yemen,Arabica,2018/19,5160000.0,Asia,2018
Angola,Robusta/Arabica,2019/20,3120000.0,Africa,2019
Bolivia,Arabica,2019/20,4860000.0,South America,2019
Brazil,Arabica/Robusta,2019/20,3492660000.0,South America,2019
Burundi,Arabica/Robusta,2019/20,16320000.0,Africa,2019
Ecuador,Arabica/Robusta,2019/20,33540000.0,South America,2019
Indonesia,Robusta/Arabica,2019/20,685980000.0,Asia,2019
Madagascar,Robusta,2019/20,22980000.0,Africa,2019
Malawi,Arabica,2019/20,960000.0,Africa,2019
Papua New Guinea,Arabica/Robusta,2019/20,45120000.0,Oceania,2019
Paraguay,Arabica,2019/20,1200000.0,South America,2019
Peru,Arabica,2019/20,230160000.0,South America,2019
Rwanda,Arabica,2019/20,20880000.0,Africa,2019
East Timor,Arabica,2019/20,6180000.0,Asia,2019
Zimbabwe,Arabica,2019/20,540000.0,Africa,2019
Congo,Robusta,2019/20,180000.0,Africa,2019
Cuba,Arabica,2019/20,7800000.0,Central America,2019
Dominican Republic,Arabica/Robusta,2019/20,24120000.0,Central America,2019
Haiti,Arabica,2019/20,20820000.0,Central America,2019
Philippines,Robusta/Arabica,2019/20,18420000.0,Asia,2019
Tanzania,Arabica/Robusta,2019/20,55560000.0,Africa,2019
Zambia,Arabica,2019/20,900000.0,Africa,2019
Cameroon,Robusta/Arabica,2019/20,16080000.0,Africa,2019
Central African Republic,Robusta,2019/20,3300000.0,Africa,2019
Colombia,Arabica,2019/20,846000000.0,South America,2019
Costa Rica,Arabica,2019/20,88320000.0,Central America,2019
Ivory Coast,Robusta,2019/20,115740000.0,Africa,2019
Congo,Robusta/Arabica,2019/20,23460000.0,Africa,2019
El Salvador,Arabica,2019/20,39660000.0,Central America,2019
Equatorial Guinea,Robusta,2019/20,0.0,Africa,2019
Ethiopia,Arabica,2019/20,440580000.0,Africa,2019
Gabon,Robusta,2019/20,0.0,Africa,2019
Ghana,Robusta,2019/20,840000.0,Africa,2019
Guatemala,Arabica/Robusta,2019/20,216360000.0,Central America,2019
Guinea,Robusta,2019/20,10680000.0,Africa,2019
Guyana,Robusta,2019/20,600000.0,South America,2019
Honduras,Arabica,2019/20,355860000.0,Central America,2019
India,Robusta/Arabica,2019/20,299280000.0,Asia,2019
Jamaica,Arabica,2019/20,1380000.0,Central America,2019
Kenya,Arabica,2019/20,50640000.0,Africa,2019
Laos,Robusta,2019/20,37320000.0,Asia,2019
Liberia,Robusta,2019/20,360000.0,Africa,2019
Mexico,Arabica/Robusta,2019/20,239100000.0,North America,2019
Nepal,Arabica,2019/20,60000.0,Asia,2019
Nicaragua,Arabica,2019/20,172920000.0,Central America,2019
Nigeria,Robusta,2019/20,2520000.0,Africa,2019
Panama,Arabica,2019/20,6840000.0,Central America,2019
Sierra Leone,Robusta,2019/20,2400000.0,Africa,2019
Sri Lanka,Robusta/Arabica,2019/20,2160000.0,Asia,2019
Thailand,Robusta/Arabica,2019/20,31020000.0,Asia,2019
Togo,Robusta,2019/20,2460000.0,Africa,2019
Trinidad and Tobago,Robusta,2019/20,720000.0,Central America,2019
Uganda,Robusta/Arabica,2019/20,330540000.0,Africa,2019
Venezuela,Arabica,2019/20,39000000.0,South America,2019
Vietnam,Robusta/Arabica,2019/20,1829220000.0,Asia,2019
Yemen,Arabica,2019/20,5460000.0,Asia,2019
